Wk,Day,Date,Time,Home,Score,Away,Attendance,Venue,Referee,Match Report,Notes
1,Fri,2019-08-09,20:30 (21:30),Portimonense,0–0,Belenenses,3486,Estádio do Portimonense SC,Manuel Mota,Match Report,
1,Sat,2019-08-10,15:30 (17:30),CD Santa Clara,0–2,Famalicão,1659,Estádio de São Miguel,Rui Oliveira,Match Report,
1,Sat,2019-08-10,19:00 (20:00),Gil Vicente FC,2–1,Porto,10962,Estádio Cidade de Barcelos,Nuno Almeida,Match Report,
1,Sat,2019-08-10,21:30 (22:30),Benfica,5–0,Paços,62956,Estádio do Sport Lisboa e Benfica,Manuel Oliveira,Match Report,
1,Sun,2019-08-11,16:00 (17:00),Boavista,2–1,Aves,6010,Estádio do Bessa Século XXI,Hélder Malheiro,Match Report,
1,Sun,2019-08-11,18:30 (19:30),Marítimo,1–1,Sporting CP,9673,Estádio dos Barreiros,Tiago Martins,Match Report,
1,Sun,2019-08-11,21:00 (22:00),Braga,3–1,Moreirense,13223,Estádio Municipal de Braga,Fábio Costa,Match Report,
1,Mon,2019-08-12,20:15 (21:15),Vitória Setúbal,0–0,Tondela,3795,Estádio do Bonfim,Vitor Ferreira Fernandes,Match Report,
,,,,,,,,,,,
2,Fri,2019-08-16,20:30 (21:30),Famalicão,1–0,Rio Ave,4960,Estádio Municipal 22 de Junho,Rui Costa,Match Report,
2,Sat,2019-08-17,16:30 (17:30),Moreirense,3–0,Gil Vicente FC,1792,P.D. Comendador Joaquim de Almeida Freit...,Manuel Oliveira,Match Report,
2,Sat,2019-08-17,19:00 (20:00),Belenenses,0–2,Benfica,17821,Estádio Nacional,Fábio Costa,Match Report,
2,Sat,2019-08-17,21:30 (22:30),Porto,4–0,Vitória Setúbal,38820,Estádio Do Dragão,Manuel Mota,Match Report,
2,Sun,2019-08-18,16:00 (17:00),Aves,3–1,Marítimo,1511,Estádio Clube Desportivo das Aves,Jorge de Sousa,Match Report,
2,Sun,2019-08-18,16:00 (17:00),Paços,0–1,CD Santa Clara,3153,Estádio da Capital do Móvel,André Narciso,Match Report,
2,Sun,2019-08-18,18:30 (19:30),Vitória,1–1,Boavista,16765,Estádio Dom Afonso Henriques,Artur Soares Dias,Match Report,
2,Sun,2019-08-18,21:00 (22:00),Sporting CP,2–1,Braga,35692,Estádio José Alvalade,Luís Godinho,Match Report,
2,Mon,2019-08-19,20:15 (21:15),Tondela,1–2,Portimonense,2955,Estádio João Cardoso,Hugo Miguel,Match Report,
,,,,,,,,,,,
3,Fri,2019-08-23,19:00 (20:00),Vitória Setúbal,0–0,Moreirense,3787,Estádio do Bonfim,Iancu Vasilica,Match Report,
3,Fri,2019-08-23,21:15 (22:15),Rio Ave,5–1,Aves,2485,Estádio do Rio Ave Futebol Clube,Fábio Costa,Match Report,
3,Sat,2019-08-24,19:00 (20:00),Benfica,0–2,Porto,62735,Estádio do Sport Lisboa e Benfica,Jorge de Sousa,Match Report,
3,Sat,2019-08-24,21:30 (22:30),Boavista,1–1,Paços,6391,Estádio do Bessa Século XXI,Manuel Mota,Match Report,
3,Sun,2019-08-25,15:00 (17:00),CD Santa Clara,0–0,Belenenses,3525,Estádio de São Miguel,João Pinheiro,Match Report,
3,Sun,2019-08-25,16:00 (17:00),Marítimo,2–3,Tondela,5568,Estádio dos Barreiros,André Narciso,Match Report,
3,Sun,2019-08-25,18:30 (19:30),Portimonense,1–3,Sporting CP,5634,Estádio do Portimonense SC,Carlos Xistra,Match Report,
3,Sun,2019-08-25,20:30 (21:30),Gil Vicente FC,1–1,Braga,6769,Estádio Cidade de Barcelos,Hugo Miguel,Match Report,
3,Sun,2019-08-25,21:00 (22:00),Vitória,1–1,Famalicão,16225,Estádio Dom Afonso Henriques,Manuel Oliveira,Match Report,
,,,,,,,,,,,
4,Fri,2019-08-30,19:00 (20:00),Moreirense,1–0,Portimonense,1432,P.D. Comendador Joaquim de Almeida Freit...,Gustavo Correia,Match Report,
4,Fri,2019-08-30,21:15 (22:15),Belenenses,0–1,Boavista,1213,Estádio Nacional,Hugo Miguel,Match Report,
4,Sat,2019-08-31,16:30 (17:30),Paços,0–1,Marítimo,1714,Estádio da Capital do Móvel,Rui Oliveira,Match Report,
4,Sat,2019-08-31,16:30 (17:30),Aves,2–3,Famalicão,3573,Estádio Clube Desportivo das Aves,Luís Godinho,Match Report,
4,Sat,2019-08-31,19:00 (20:00),Sporting CP,2–3,Rio Ave,37942,Estádio José Alvalade,João Pinheiro,Match Report,
4,Sat,2019-08-31,21:30 (22:30),Gil Vicente FC,0–0,Vitória Setúbal,3200,Estádio Cidade de Barcelos,Hélder Malheiro,Match Report,
4,Sun,2019-09-01,16:00 (17:00),Tondela,0–0,CD Santa Clara,2122,Estádio João Cardoso,Manuel Mota,Match Report,
4,Sun,2019-09-01,18:30 (19:30),Porto,3–0,Vitória,47711,Estádio Do Dragão,Carlos Xistra,Match Report,
4,Sun,2019-09-01,21:00 (22:00),Braga,0–4,Benfica,15499,Estádio Municipal de Braga,Nuno Almeida,Match Report,
,,,,,,,,,,,
1,Sun,2019-09-08,15:00 (16:00),Rio Ave,1–1,Vitória,2713,Estádio do Rio Ave Futebol Clube,Hugo Miguel,Match Report,
,,,,,,,,,,,
5,Fri,2019-09-13,20:30 (21:30),Vitória Setúbal,1–0,Braga,,Estádio do Bonfim,Artur Soares Dias,Match Report,
5,Sat,2019-09-14,16:30 (17:30),Famalicão,4–2,Paços,,Estádio Municipal 22 de Junho,António Nobre,Match Report,
5,Sat,2019-09-14,19:00 (20:00),Benfica,2–0,Gil Vicente FC,,Estádio do Sport Lisboa e Benfica,João Pinheiro,Match Report,
5,Sat,2019-09-14,21:30 (22:30),Vitória,5–1,Aves,,Estádio Dom Afonso Henriques,Nuno Almeida,Match Report,
5,Sun,2019-09-15,15:00 (17:00),CD Santa Clara,,Moreirense,,Estádio de São Miguel,,,
5,Sun,2019-09-15,16:00 (17:00),Rio Ave,,Tondela,,Estádio do Rio Ave Futebol Clube,,,
5,Sun,2019-09-15,16:00 (17:00),Marítimo,,Belenenses,,Estádio dos Barreiros,,,
5,Sun,2019-09-15,18:00 (19:00),Portimonense,,Porto,,Estádio do Portimonense SC,,,
5,Sun,2019-09-15,20:00 (21:00),Boavista,,Sporting CP,,Estádio do Bessa Século XXI,,,
,,,,,,,,,,,
6,Fri,2019-09-20,20:30 (21:30),Paços,,Aves,,Estádio da Capital do Móvel,,,
6,Sat,2019-09-21,18:00 (19:00),Belenenses,,Rio Ave,,Estádio Nacional,,,
6,Sat,2019-09-21,20:30 (21:30),Moreirense,,Benfica,,P.D. Comendador Joaquim de Almeida Freit...,,,
6,Sun,2019-09-22,15:30 (16:30),Gil Vicente FC,,Boavista,,Estádio Cidade de Barcelos,,,
6,Sun,2019-09-22,18:00 (19:00),Tondela,,Vitória,,Estádio João Cardoso,,,
6,Sun,2019-09-22,18:00 (19:00),Vitória Setúbal,,Portimonense,,Estádio do Bonfim,,,
6,Sun,2019-09-22,20:30 (21:30),Porto,,CD Santa Clara,,Estádio Do Dragão,,,
6,Mon,2019-09-23,19:00 (20:00),Braga,,Marítimo,,Estádio Municipal de Braga,,,
6,Mon,2019-09-23,21:00 (22:00),Sporting CP,,Famalicão,,Estádio José Alvalade,,,
,,,,,,,,,,,
7,Fri,2019-09-27,20:30 (21:30),Boavista,,Tondela,,Estádio do Bessa Século XXI,,,
7,Sat,2019-09-28,15:00 (16:00),Marítimo,,Moreirense,,Estádio dos Barreiros,,,
7,Sat,2019-09-28,19:00 (20:00),Benfica,,Vitória Setúbal,,Estádio do Sport Lisboa e Benfica,,,
7,Sat,2019-09-28,21:30 (22:30),Famalicão,,Belenenses,,Estádio Municipal 22 de Junho,,,
7,Sun,2019-09-29,15:00 (17:00),CD Santa Clara,,Gil Vicente FC,,Estádio de São Miguel,,,
7,Sun,2019-09-29,16:00 (17:00),Vitória,,Paços,,Estádio Dom Afonso Henriques,,,
7,Sun,2019-09-29,18:00 (19:00),Portimonense,,Braga,,Estádio do Portimonense SC,,,
7,Sun,2019-09-29,20:00 (21:00),Rio Ave,,Porto,,Estádio do Rio Ave Futebol Clube,,,
7,Mon,2019-09-30,20:15 (21:15),Aves,,Sporting CP,,Estádio Clube Desportivo das Aves,,,
,,,,,,,,,,,
8,Fri,2019-10-25,20:30 (21:30),Paços,,Rio Ave,,Estádio da Capital do Móvel,,,
8,Sat,2019-10-26,15:30 (16:30),Gil Vicente FC,,Portimonense,,Estádio Cidade de Barcelos,,,
8,Sat,2019-10-26,15:30 (16:30),Belenenses,,Aves,,Estádio Nacional,,,
8,Sat,2019-10-26,18:00 (19:00),Vitória Setúbal,,Marítimo,,Estádio do Bonfim,,,
8,Sat,2019-10-26,20:30 (21:30),Moreirense,,Boavista,,P.D. Comendador Joaquim de Almeida Freit...,,,
8,Sun,2019-10-27,15:00 (16:00),Tondela,,Benfica,,Estádio João Cardoso,,,
8,Sun,2019-10-27,17:30 (18:30),Porto,,Famalicão,,Estádio Do Dragão,,,
8,Sun,2019-10-27,20:00 (21:00),Sporting CP,,Vitória,,Estádio José Alvalade,,,
8,Mon,2019-10-28,20:15 (21:15),Braga,,CD Santa Clara,,Estádio Municipal de Braga,,,
,,,,,,,,,,,
9,Wed,2019-10-30,,Famalicão,,Gil Vicente FC,,Estádio Municipal 22 de Junho,,,
9,Wed,2019-10-30,,Aves,,Tondela,,Estádio Clube Desportivo das Aves,,,
9,Wed,2019-10-30,,CD Santa Clara,,Vitória Setúbal,,Estádio de São Miguel,,,
9,Wed,2019-10-30,,Marítimo,,Porto,,Estádio dos Barreiros,,,
9,Wed,2019-10-30,,Vitória,,Belenenses,,Estádio Dom Afonso Henriques,,,
9,Wed,2019-10-30,,Benfica,,Portimonense,,Estádio do Sport Lisboa e Benfica,,,
9,Wed,2019-10-30,,Rio Ave,,Moreirense,,Estádio do Rio Ave Futebol Clube,,,
9,Wed,2019-10-30,,Boavista,,Braga,,Estádio do Bessa Século XXI,,,
9,Wed,2019-10-30,,Paços,,Sporting CP,,Estádio da Capital do Móvel,,,
,,,,,,,,,,,
10,Sun,2019-11-03,,Portimonense,,CD Santa Clara,,Estádio do Portimonense SC,,,
10,Sun,2019-11-03,,Belenenses,,Paços,,Estádio Nacional,,,
10,Sun,2019-11-03,,Vitória Setúbal,,Boavista,,Estádio do Bonfim,,,
10,Sun,2019-11-03,,Gil Vicente FC,,Marítimo,,Estádio Cidade de Barcelos,,,
10,Sun,2019-11-03,,Benfica,,Rio Ave,,Estádio do Sport Lisboa e Benfica,,,
10,Sun,2019-11-03,,Braga,,Famalicão,,Estádio Municipal de Braga,,,
10,Sun,2019-11-03,,Tondela,,Sporting CP,,Estádio João Cardoso,,,
10,Sun,2019-11-03,,Porto,,Aves,,Estádio Do Dragão,,,
10,Sun,2019-11-03,,Moreirense,,Vitória,,P.D. Comendador Joaquim de Almeida Freit...,,,
,,,,,,,,,,,
11,Sun,2019-11-10,,Vitória,,Braga,,Estádio Dom Afonso Henriques,,,
11,Sun,2019-11-10,,CD Santa Clara,,Benfica,,Estádio de São Miguel,,,
11,Sun,2019-11-10,,Boavista,,Porto,,Estádio do Bessa Século XXI,,,
11,Sun,2019-11-10,,Rio Ave,,Vitória Setúbal,,Estádio do Rio Ave Futebol Clube,,,
11,Sun,2019-11-10,,Marítimo,,Portimonense,,Estádio dos Barreiros,,,
11,Sun,2019-11-10,,Famalicão,,Moreirense,,Estádio Municipal 22 de Junho,,,
11,Sun,2019-11-10,,Aves,,Gil Vicente FC,,Estádio Clube Desportivo das Aves,,,
11,Sun,2019-11-10,,Paços,,Tondela,,Estádio da Capital do Móvel,,,
11,Sun,2019-11-10,,Sporting CP,,Belenenses,,Estádio José Alvalade,,,
,,,,,,,,,,,
12,Sun,2019-12-01,,Gil Vicente FC,,Sporting CP,,Estádio Cidade de Barcelos,,,
12,Sun,2019-12-01,,CD Santa Clara,,Boavista,,Estádio de São Miguel,,,
12,Sun,2019-12-01,,Braga,,Rio Ave,,Estádio Municipal de Braga,,,
12,Sun,2019-12-01,,Benfica,,Marítimo,,Estádio do Sport Lisboa e Benfica,,,
12,Sun,2019-12-01,,Vitória Setúbal,,Vitória,,Estádio do Bonfim,,,
12,Sun,2019-12-01,,Portimonense,,Famalicão,,Estádio do Portimonense SC,,,
12,Sun,2019-12-01,,Tondela,,Belenenses,,Estádio João Cardoso,,,
12,Sun,2019-12-01,,Porto,,Paços,,Estádio Do Dragão,,,
12,Sun,2019-12-01,,Moreirense,,Aves,,P.D. Comendador Joaquim de Almeida Freit...,,,
,,,,,,,,,,,
13,Sun,2019-12-08,,Rio Ave,,Gil Vicente FC,,Estádio do Rio Ave Futebol Clube,,,
13,Sun,2019-12-08,,Famalicão,,Tondela,,Estádio Municipal 22 de Junho,,,
13,Sun,2019-12-08,,Aves,,Braga,,Estádio Clube Desportivo das Aves,,,
13,Sun,2019-12-08,,Vitória,,Portimonense,,Estádio Dom Afonso Henriques,,,
13,Sun,2019-12-08,,Boavista,,Benfica,,Estádio do Bessa Século XXI,,,
13,Sun,2019-12-08,,Paços,,Vitória Setúbal,,Estádio da Capital do Móvel,,,
13,Sun,2019-12-08,,Marítimo,,CD Santa Clara,,Estádio dos Barreiros,,,
13,Sun,2019-12-08,,Sporting CP,,Moreirense,,Estádio José Alvalade,,,
13,Sun,2019-12-08,,Belenenses,,Porto,,Estádio Nacional,,,
,,,,,,,,,,,
14,Sun,2019-12-15,,Marítimo,,Boavista,,Estádio dos Barreiros,,,
14,Sun,2019-12-15,,CD Santa Clara,,Sporting CP,,Estádio de São Miguel,,,
14,Sun,2019-12-15,,Gil Vicente FC,,Vitória,,Estádio Cidade de Barcelos,,,
14,Sun,2019-12-15,,Portimonense,,Rio Ave,,Estádio do Portimonense SC,,,
14,Sun,2019-12-15,,Moreirense,,Belenenses,,P.D. Comendador Joaquim de Almeida Freit...,,,
14,Sun,2019-12-15,,Benfica,,Famalicão,,Estádio do Sport Lisboa e Benfica,,,
14,Sun,2019-12-15,,Vitória Setúbal,,Aves,,Estádio do Bonfim,,,
14,Sun,2019-12-15,,Porto,,Tondela,,Estádio Do Dragão,,,
14,Sun,2019-12-15,,Braga,,Paços,,Estádio Municipal de Braga,,,
,,,,,,,,,,,
15,Sun,2020-01-05,,Tondela,,Gil Vicente FC,,Estádio João Cardoso,,,
15,Sun,2020-01-05,,Sporting CP,,Porto,,Estádio José Alvalade,,,
15,Sun,2020-01-05,,Rio Ave,,Marítimo,,Estádio do Rio Ave Futebol Clube,,,
15,Sun,2020-01-05,,Paços,,Moreirense,,Estádio da Capital do Móvel,,,
15,Sun,2020-01-05,,Boavista,,Portimonense,,Estádio do Bessa Século XXI,,,
15,Sun,2020-01-05,,Vitória,,Benfica,,Estádio Dom Afonso Henriques,,,
15,Sun,2020-01-05,,Famalicão,,Vitória Setúbal,,Estádio Municipal 22 de Junho,,,
15,Sun,2020-01-05,,Belenenses,,Braga,,Estádio Nacional,,,
15,Sun,2020-01-05,,Aves,,CD Santa Clara,,Estádio Clube Desportivo das Aves,,,
,,,,,,,,,,,
16,Sat,2020-01-11,,Portimonense,,Paços,,Estádio do Portimonense SC,,,
16,Sat,2020-01-11,,Benfica,,Aves,,Estádio do Sport Lisboa e Benfica,,,
16,Sat,2020-01-11,,Gil Vicente FC,,Belenenses,,Estádio Cidade de Barcelos,,,
16,Sat,2020-01-11,,Boavista,,Famalicão,,Estádio do Bessa Século XXI,,,
16,Sat,2020-01-11,,Vitória Setúbal,,Sporting CP,,Estádio do Bonfim,,,
16,Sat,2020-01-11,,CD Santa Clara,,Rio Ave,,Estádio de São Miguel,,,
16,Sat,2020-01-11,,Braga,,Tondela,,Estádio Municipal de Braga,,,
16,Sat,2020-01-11,,Moreirense,,Porto,,P.D. Comendador Joaquim de Almeida Freit...,,,
16,Sat,2020-01-11,,Marítimo,,Vitória,,Estádio dos Barreiros,,,
,,,,,,,,,,,
17,Sat,2020-01-18,,Vitória,,CD Santa Clara,,Estádio Dom Afonso Henriques,,,
17,Sat,2020-01-18,,Paços,,Gil Vicente FC,,Estádio da Capital do Móvel,,,
17,Sat,2020-01-18,,Famalicão,,Marítimo,,Estádio Municipal 22 de Junho,,,
17,Sat,2020-01-18,,Tondela,,Moreirense,,Estádio João Cardoso,,,
17,Sat,2020-01-18,,Porto,,Braga,,Estádio Do Dragão,,,
17,Sat,2020-01-18,,Belenenses,,Vitória Setúbal,,Estádio Nacional,,,
17,Sat,2020-01-18,,Rio Ave,,Boavista,,Estádio do Rio Ave Futebol Clube,,,
17,Sat,2020-01-18,,Sporting CP,,Benfica,,Estádio José Alvalade,,,
17,Sat,2020-01-18,,Aves,,Portimonense,,Estádio Clube Desportivo das Aves,,,
,,,,,,,,,,,
18,Sun,2020-01-26,,Aves,,Boavista,,Estádio Clube Desportivo das Aves,,,
18,Sun,2020-01-26,,Vitória,,Rio Ave,,Estádio Dom Afonso Henriques,,,
18,Sun,2020-01-26,,Belenenses,,Portimonense,,Estádio Nacional,,,
18,Sun,2020-01-26,,Sporting CP,,Marítimo,,Estádio José Alvalade,,,
18,Sun,2020-01-26,,Tondela,,Vitória Setúbal,,Estádio João Cardoso,,,
18,Sun,2020-01-26,,Famalicão,,CD Santa Clara,,Estádio Municipal 22 de Junho,,,
18,Sun,2020-01-26,,Paços,,Benfica,,Estádio da Capital do Móvel,,,
18,Sun,2020-01-26,,Moreirense,,Braga,,P.D. Comendador Joaquim de Almeida Freit...,,,
18,Sun,2020-01-26,,Porto,,Gil Vicente FC,,Estádio Do Dragão,,,
,,,,,,,,,,,
19,Sun,2020-02-02,,Marítimo,,Aves,,Estádio dos Barreiros,,,
19,Sun,2020-02-02,,Gil Vicente FC,,Moreirense,,Estádio Cidade de Barcelos,,,
19,Sun,2020-02-02,,CD Santa Clara,,Paços,,Estádio de São Miguel,,,
19,Sun,2020-02-02,,Rio Ave,,Famalicão,,Estádio do Rio Ave Futebol Clube,,,
19,Sun,2020-02-02,,Portimonense,,Tondela,,Estádio do Portimonense SC,,,
19,Sun,2020-02-02,,Boavista,,Vitória,,Estádio do Bessa Século XXI,,,
19,Sun,2020-02-02,,Braga,,Sporting CP,,Estádio Municipal de Braga,,,
19,Sun,2020-02-02,,Vitória Setúbal,,Porto,,Estádio do Bonfim,,,
19,Sun,2020-02-02,,Benfica,,Belenenses,,Estádio do Sport Lisboa e Benfica,,,
,,,,,,,,,,,
20,Sun,2020-02-09,,Paços,,Boavista,,Estádio da Capital do Móvel,,,
20,Sun,2020-02-09,,Belenenses,,CD Santa Clara,,Estádio Nacional,,,
20,Sun,2020-02-09,,Tondela,,Marítimo,,Estádio João Cardoso,,,
20,Sun,2020-02-09,,Moreirense,,Vitória Setúbal,,P.D. Comendador Joaquim de Almeida Freit...,,,
20,Sun,2020-02-09,,Braga,,Gil Vicente FC,,Estádio Municipal de Braga,,,
20,Sun,2020-02-09,,Porto,,Benfica,,Estádio Do Dragão,,,
20,Sun,2020-02-09,,Sporting CP,,Portimonense,,Estádio José Alvalade,,,
20,Sun,2020-02-09,,Famalicão,,Vitória,,Estádio Municipal 22 de Junho,,,
20,Sun,2020-02-09,,Aves,,Rio Ave,,Estádio Clube Desportivo das Aves,,,
,,,,,,,,,,,
21,Sat,2020-02-15,,Benfica,,Braga,,Estádio do Sport Lisboa e Benfica,,,
21,Sat,2020-02-15,,Rio Ave,,Sporting CP,,Estádio do Rio Ave Futebol Clube,,,
21,Sat,2020-02-15,,Vitória Setúbal,,Gil Vicente FC,,Estádio do Bonfim,,,
21,Sat,2020-02-15,,Vitória,,Porto,,Estádio Dom Afonso Henriques,,,
21,Sat,2020-02-15,,Famalicão,,Aves,,Estádio Municipal 22 de Junho,,,
21,Sat,2020-02-15,,Marítimo,,Paços,,Estádio dos Barreiros,,,
21,Sat,2020-02-15,,Portimonense,,Moreirense,,Estádio do Portimonense SC,,,
21,Sat,2020-02-15,,CD Santa Clara,,Tondela,,Estádio de São Miguel,,,
21,Sat,2020-02-15,,Boavista,,Belenenses,,Estádio do Bessa Século XXI,,,
,,,,,,,,,,,
22,Sun,2020-02-23,,Sporting CP,,Boavista,,Estádio José Alvalade,,,
22,Sun,2020-02-23,,Paços,,Famalicão,,Estádio da Capital do Móvel,,,
22,Sun,2020-02-23,,Porto,,Portimonense,,Estádio Do Dragão,,,
22,Sun,2020-02-23,,Braga,,Vitória Setúbal,,Estádio Municipal de Braga,,,
22,Sun,2020-02-23,,Moreirense,,CD Santa Clara,,P.D. Comendador Joaquim de Almeida Freit...,,,
22,Sun,2020-02-23,,Aves,,Vitória,,Estádio Clube Desportivo das Aves,,,
22,Sun,2020-02-23,,Tondela,,Rio Ave,,Estádio João Cardoso,,,
22,Sun,2020-02-23,,Belenenses,,Marítimo,,Estádio Nacional,,,
22,Sun,2020-02-23,,Gil Vicente FC,,Benfica,,Estádio Cidade de Barcelos,,,
,,,,,,,,,,,
23,Sun,2020-03-01,,Famalicão,,Sporting CP,,Estádio Municipal 22 de Junho,,,
23,Sun,2020-03-01,,CD Santa Clara,,Porto,,Estádio de São Miguel,,,
23,Sun,2020-03-01,,Benfica,,Moreirense,,Estádio do Sport Lisboa e Benfica,,,
23,Sun,2020-03-01,,Rio Ave,,Belenenses,,Estádio do Rio Ave Futebol Clube,,,
23,Sun,2020-03-01,,Vitória,,Tondela,,Estádio Dom Afonso Henriques,,,
23,Sun,2020-03-01,,Aves,,Paços,,Estádio Clube Desportivo das Aves,,,
23,Sun,2020-03-01,,Marítimo,,Braga,,Estádio dos Barreiros,,,
23,Sun,2020-03-01,,Portimonense,,Vitória Setúbal,,Estádio do Portimonense SC,,,
23,Sun,2020-03-01,,Boavista,,Gil Vicente FC,,Estádio do Bessa Século XXI,,,
,,,,,,,,,,,
24,Sun,2020-03-08,,Sporting CP,,Aves,,Estádio José Alvalade,,,
24,Sun,2020-03-08,,Tondela,,Boavista,,Estádio João Cardoso,,,
24,Sun,2020-03-08,,Moreirense,,Marítimo,,P.D. Comendador Joaquim de Almeida Freit...,,,
24,Sun,2020-03-08,,Belenenses,,Famalicão,,Estádio Nacional,,,
24,Sun,2020-03-08,,Paços,,Vitória,,Estádio da Capital do Móvel,,,
24,Sun,2020-03-08,,Braga,,Portimonense,,Estádio Municipal de Braga,,,
24,Sun,2020-03-08,,Gil Vicente FC,,CD Santa Clara,,Estádio Cidade de Barcelos,,,
24,Sun,2020-03-08,,Vitória Setúbal,,Benfica,,Estádio do Bonfim,,,
24,Sun,2020-03-08,,Porto,,Rio Ave,,Estádio Do Dragão,,,
,,,,,,,,,,,
25,Sun,2020-03-15,,Vitória,,Sporting CP,,Estádio Dom Afonso Henriques,,,
25,Sun,2020-03-15,,Portimonense,,Gil Vicente FC,,Estádio do Portimonense SC,,,
25,Sun,2020-03-15,,Aves,,Belenenses,,Estádio Clube Desportivo das Aves,,,
25,Sun,2020-03-15,,Rio Ave,,Paços,,Estádio do Rio Ave Futebol Clube,,,
25,Sun,2020-03-15,,Famalicão,,Porto,,Estádio Municipal 22 de Junho,,,
25,Sun,2020-03-15,,Benfica,,Tondela,,Estádio do Sport Lisboa e Benfica,,,
25,Sun,2020-03-15,,CD Santa Clara,,Braga,,Estádio de São Miguel,,,
25,Sun,2020-03-15,,Marítimo,,Vitória Setúbal,,Estádio dos Barreiros,,,
25,Sun,2020-03-15,,Boavista,,Moreirense,,Estádio do Bessa Século XXI,,,
,,,,,,,,,,,
26,Sun,2020-03-22,,Belenenses,,Vitória,,Estádio Nacional,,,
26,Sun,2020-03-22,,Tondela,,Aves,,Estádio João Cardoso,,,
26,Sun,2020-03-22,,Braga,,Boavista,,Estádio Municipal de Braga,,,
26,Sun,2020-03-22,,Moreirense,,Rio Ave,,P.D. Comendador Joaquim de Almeida Freit...,,,
26,Sun,2020-03-22,,Sporting CP,,Paços,,Estádio José Alvalade,,,
26,Sun,2020-03-22,,Gil Vicente FC,,Famalicão,,Estádio Cidade de Barcelos,,,
26,Sun,2020-03-22,,Porto,,Marítimo,,Estádio Do Dragão,,,
26,Sun,2020-03-22,,Vitória Setúbal,,CD Santa Clara,,Estádio do Bonfim,,,
26,Sun,2020-03-22,,Portimonense,,Benfica,,Estádio do Portimonense SC,,,
,,,,,,,,,,,
27,Sun,2020-04-05,,Paços,,Belenenses,,Estádio da Capital do Móvel,,,
27,Sun,2020-04-05,,Marítimo,,Gil Vicente FC,,Estádio dos Barreiros,,,
27,Sun,2020-04-05,,CD Santa Clara,,Portimonense,,Estádio de São Miguel,,,
27,Sun,2020-04-05,,Vitória,,Moreirense,,Estádio Dom Afonso Henriques,,,
27,Sun,2020-04-05,,Sporting CP,,Tondela,,Estádio José Alvalade,,,
27,Sun,2020-04-05,,Boavista,,Vitória Setúbal,,Estádio do Bessa Século XXI,,,
27,Sun,2020-04-05,,Aves,,Porto,,Estádio Clube Desportivo das Aves,,,
27,Sun,2020-04-05,,Rio Ave,,Benfica,,Estádio do Rio Ave Futebol Clube,,,
27,Sun,2020-04-05,,Famalicão,,Braga,,Estádio Municipal 22 de Junho,,,
,,,,,,,,,,,
28,Sat,2020-04-11,,Benfica,,CD Santa Clara,,Estádio do Sport Lisboa e Benfica,,,
28,Sat,2020-04-11,,Gil Vicente FC,,Aves,,Estádio Cidade de Barcelos,,,
28,Sat,2020-04-11,,Portimonense,,Marítimo,,Estádio do Portimonense SC,,,
28,Sat,2020-04-11,,Porto,,Boavista,,Estádio Do Dragão,,,
28,Sat,2020-04-11,,Belenenses,,Sporting CP,,Estádio Nacional,,,
28,Sat,2020-04-11,,Vitória Setúbal,,Rio Ave,,Estádio do Bonfim,,,
28,Sat,2020-04-11,,Tondela,,Paços,,Estádio João Cardoso,,,
28,Sat,2020-04-11,,Braga,,Vitória,,Estádio Municipal de Braga,,,
28,Sat,2020-04-11,,Moreirense,,Famalicão,,P.D. Comendador Joaquim de Almeida Freit...,,,
,,,,,,,,,,,
29,Sun,2020-04-19,,Sporting CP,,Gil Vicente FC,,Estádio José Alvalade,,,
29,Sun,2020-04-19,,Rio Ave,,Braga,,Estádio do Rio Ave Futebol Clube,,,
29,Sun,2020-04-19,,Vitória,,Vitória Setúbal,,Estádio Dom Afonso Henriques,,,
29,Sun,2020-04-19,,Belenenses,,Tondela,,Estádio Nacional,,,
29,Sun,2020-04-19,,Boavista,,CD Santa Clara,,Estádio do Bessa Século XXI,,,
29,Sun,2020-04-19,,Aves,,Moreirense,,Estádio Clube Desportivo das Aves,,,
29,Sun,2020-04-19,,Paços,,Porto,,Estádio da Capital do Móvel,,,
29,Sun,2020-04-19,,Famalicão,,Portimonense,,Estádio Municipal 22 de Junho,,,
29,Sun,2020-04-19,,Marítimo,,Benfica,,Estádio dos Barreiros,,,
,,,,,,,,,,,
30,Wed,2020-04-22,,CD Santa Clara,,Marítimo,,Estádio de São Miguel,,,
30,Wed,2020-04-22,,Tondela,,Famalicão,,Estádio João Cardoso,,,
30,Wed,2020-04-22,,Vitória Setúbal,,Paços,,Estádio do Bonfim,,,
30,Wed,2020-04-22,,Portimonense,,Vitória,,Estádio do Portimonense SC,,,
30,Wed,2020-04-22,,Porto,,Belenenses,,Estádio Do Dragão,,,
30,Wed,2020-04-22,,Moreirense,,Sporting CP,,P.D. Comendador Joaquim de Almeida Freit...,,,
30,Wed,2020-04-22,,Braga,,Aves,,Estádio Municipal de Braga,,,
30,Wed,2020-04-22,,Benfica,,Boavista,,Estádio do Sport Lisboa e Benfica,,,
30,Wed,2020-04-22,,Gil Vicente FC,,Rio Ave,,Estádio Cidade de Barcelos,,,
,,,,,,,,,,,
31,Sun,2020-04-26,,Vitória,,Gil Vicente FC,,Estádio Dom Afonso Henriques,,,
31,Sun,2020-04-26,,Famalicão,,Benfica,,Estádio Municipal 22 de Junho,,,
31,Sun,2020-04-26,,Aves,,Vitória Setúbal,,Estádio Clube Desportivo das Aves,,,
31,Sun,2020-04-26,,Rio Ave,,Portimonense,,Estádio do Rio Ave Futebol Clube,,,
31,Sun,2020-04-26,,Paços,,Braga,,Estádio da Capital do Móvel,,,
31,Sun,2020-04-26,,Tondela,,Porto,,Estádio João Cardoso,,,
31,Sun,2020-04-26,,Sporting CP,,CD Santa Clara,,Estádio José Alvalade,,,
31,Sun,2020-04-26,,Boavista,,Marítimo,,Estádio do Bessa Século XXI,,,
31,Sun,2020-04-26,,Belenenses,,Moreirense,,Estádio Nacional,,,
,,,,,,,,,,,
32,Sun,2020-05-03,,Portimonense,,Boavista,,Estádio do Portimonense SC,,,
32,Sun,2020-05-03,,Moreirense,,Paços,,P.D. Comendador Joaquim de Almeida Freit...,,,
32,Sun,2020-05-03,,Porto,,Sporting CP,,Estádio Do Dragão,,,
32,Sun,2020-05-03,,Marítimo,,Rio Ave,,Estádio dos Barreiros,,,
32,Sun,2020-05-03,,Gil Vicente FC,,Tondela,,Estádio Cidade de Barcelos,,,
32,Sun,2020-05-03,,CD Santa Clara,,Aves,,Estádio de São Miguel,,,
32,Sun,2020-05-03,,Braga,,Belenenses,,Estádio Municipal de Braga,,,
32,Sun,2020-05-03,,Benfica,,Vitória,,Estádio do Sport Lisboa e Benfica,,,
32,Sun,2020-05-03,,Vitória Setúbal,,Famalicão,,Estádio do Bonfim,,,
,,,,,,,,,,,
33,Sun,2020-05-10,,Rio Ave,,CD Santa Clara,,Estádio do Rio Ave Futebol Clube,,,
33,Sun,2020-05-10,,Vitória,,Marítimo,,Estádio Dom Afonso Henriques,,,
33,Sun,2020-05-10,,Famalicão,,Boavista,,Estádio Municipal 22 de Junho,,,
33,Sun,2020-05-10,,Belenenses,,Gil Vicente FC,,Estádio Nacional,,,
33,Sun,2020-05-10,,Aves,,Benfica,,Estádio Clube Desportivo das Aves,,,
33,Sun,2020-05-10,,Sporting CP,,Vitória Setúbal,,Estádio José Alvalade,,,
33,Sun,2020-05-10,,Tondela,,Braga,,Estádio João Cardoso,,,
33,Sun,2020-05-10,,Porto,,Moreirense,,Estádio Do Dragão,,,
33,Sun,2020-05-10,,Paços,,Portimonense,,Estádio da Capital do Móvel,,,
,,,,,,,,,,,
34,Sun,2020-05-17,,Boavista,,Rio Ave,,Estádio do Bessa Século XXI,,,
34,Sun,2020-05-17,,Gil Vicente FC,,Paços,,Estádio Cidade de Barcelos,,,
34,Sun,2020-05-17,,Vitória Setúbal,,Belenenses,,Estádio do Bonfim,,,
34,Sun,2020-05-17,,Braga,,Porto,,Estádio Municipal de Braga,,,
34,Sun,2020-05-17,,Portimonense,,Aves,,Estádio do Portimonense SC,,,
34,Sun,2020-05-17,,CD Santa Clara,,Vitória,,Estádio de São Miguel,,,
34,Sun,2020-05-17,,Benfica,,Sporting CP,,Estádio do Sport Lisboa e Benfica,,,
34,Sun,2020-05-17,,Marítimo,,Famalicão,,Estádio dos Barreiros,,,
34,Sun,2020-05-17,,Moreirense,,Tondela,,P.D. Comendador Joaquim de Almeida Freit...,,,
