Round,Wk,Day,Date,Time,Home,Score,Away,Attendance,Venue,Referee,Match Report,Notes
Regular Season,1,Sat,2019-01-26,11:00 (16:00),Dep La Guaira,2–3,Monagas,582,Estadio Olímpico,José Argote,Match Report,
Regular Season,1,Sat,2019-01-26,15:00 (20:00),LALA,0–5,Mineros,6304,Centro Total de Entretenimiento Cachamay,Juan Cabeza,Match Report,
Regular Season,1,Sat,2019-01-26,17:00 (22:00),Aragua,2–1,Acad Pr Cabello,,Estadio Olímpico Hermanos Ghersi Páez,Isley Delgado,Match Report,
Regular Season,1,Sat,2019-01-26,17:45 (22:45),Portuguesa,2–1,Dep Anzoátegui,,Estadio General José Antonio Páez,Ronny Cueva,Match Report,
Regular Season,1,Sun,2019-01-27,16:00 (21:00),Dep Táchira,2–1,Trujillanos,,Estadio Polideportivo de Pueblo Nuevo,Eduardo Mármol,Match Report,
Regular Season,1,Sun,2019-01-27,16:00 (21:00),Metropolitanos,1–2,Estud Caracas,,Estadio Olímpico,Jesús Valenzuela,Match Report,
Regular Season,1,Sun,2019-01-27,17:00 (22:00),Deportivo Lara,0–1,Caracas,,Estadio Metropolitano de Fútbol de Lara,Marcos Suárez,Match Report,
Regular Season,1,Sun,2019-01-27,18:00 (23:00),Zamora,4–1,Zulia,,Estadio Rafael Agustín Tovar,Marlon Escalante,Match Report,
Regular Season,1,Mon,2019-01-28,16:00 (21:00),Llaneros,0–0,Estud Mérida,,Estadio Olímpico Rafael Calles Pinto,Emikar Caldera,Match Report,
,,,,,,,,,,,,
Regular Season,2,Fri,2019-02-01,19:00 (00:00),Caracas,3–0,Zamora,,Estadio Olímpico,Orlando Bracamonte,Match Report,
Regular Season,2,Sat,2019-02-02,15:30 (20:30),Dep Anzoátegui,0–0,LALA,1255,Estadio Olímpico General José Antonio An...,Yender Herrera,Match Report,
Regular Season,2,Sun,2019-02-03,15:00 (20:00),Estud Caracas,0–1,Carabobo,,Estadio Olímpico Hermanos Ghersi Páez,José Argote,Match Report,
Regular Season,2,Sun,2019-02-03,15:30 (20:30),Atlé Venezuela,1–1,Portuguesa,,Estadio Olímpico General José Antonio An...,Emikar Caldera,Match Report,
Regular Season,2,Sun,2019-02-03,15:30 (20:30),Trujillanos,2–1,Aragua,,Estadio José Alberto Pérez,Ramón Ortega,Match Report,
Regular Season,2,Sun,2019-02-03,16:00 (21:00),Zulia,1–0,Dep Táchira,,Estadio José Encarnación Pachencho Romer...,Isley Delgado,Match Report,
Regular Season,2,Sun,2019-02-03,16:00 (21:00),Estud Mérida,1–1,Deportivo Lara,,Estadio Olímpico Metropolitano de Mérida,Yimmy García,Match Report,
Regular Season,2,Sun,2019-02-03,16:00 (21:00),Mineros,2–1,Dep La Guaira,,Centro Total de Entretenimiento Cachamay,Alexis Herrera,Match Report,
Regular Season,2,Sun,2019-02-03,17:00 (22:00),Monagas,3–0,Llaneros,3715,Estadio Monumental de Maturín,Marlon Escalante,Match Report,
Regular Season,2,Sun,2019-02-03,18:00 (23:00),Acad Pr Cabello,1–1,Metropolitanos,,Complejo Deportivo Socialista,Ángel Arteaga,Match Report,
,,,,,,,,,,,,
Regular Season,3,Sat,2019-02-09,15:00 (20:00),LALA,2–3,Atlé Venezuela,1255,Centro Total de Entretenimiento Cachamay,Yender Herrera,Match Report,
Regular Season,3,Sat,2019-02-09,16:00 (21:00),Metropolitanos,2–1,Carabobo,,Estadio Olímpico,Orlando Bracamonte,Match Report,
Regular Season,3,Sat,2019-02-09,17:00 (22:00),Aragua,0–0,Zulia,,Estadio Olímpico Hermanos Ghersi Páez,Marcos Suárez,Match Report,
Regular Season,3,Sat,2019-02-09,17:00 (22:00),Deportivo Lara,2–0,Monagas,,Estadio Metropolitano de Fútbol de Lara,Yender Herrera,Match Report,
Regular Season,3,Sat,2019-02-09,17:45 (22:45),Portuguesa,1–2,Estud Caracas,,Estadio General José Antonio Páez,Leonardo Caripa,Match Report,
Regular Season,3,Sat,2019-02-09,18:00 (23:00),Zamora,1–0,Estud Mérida,,Estadio Rafael Agustín Tovar,Luis Salas,Match Report,
Regular Season,3,Sun,2019-02-10,15:00 (20:00),Llaneros,3–3,Mineros,216,Estadio Olímpico Rafael Calles Pinto,José Uzcátegui,Match Report,
Regular Season,3,Sun,2019-02-10,16:00 (21:00),Dep Táchira,2–1,Caracas,,Estadio Polideportivo de Pueblo Nuevo,Ángel Arteaga,Match Report,
Regular Season,3,Sun,2019-02-10,16:00 (21:00),Dep La Guaira,1–0,Dep Anzoátegui,,Estadio Olímpico,Eduardo Mármol,Match Report,
Regular Season,3,Sun,2019-02-10,18:00 (23:00),Acad Pr Cabello,1–1,Trujillanos,,Complejo Deportivo Socialista,Yimmy García,Match Report,
,,,,,,,,,,,,
Regular Season,4,Sat,2019-02-16,15:30 (20:30),Dep Anzoátegui,2–3,Llaneros,,Estadio Olímpico General José Antonio An...,José Argote,Match Report,
Regular Season,4,Sat,2019-02-16,16:00 (21:00),Carabobo,2–1,Portuguesa,,Estadio Olímpico Rafael Calles Pinto,Marlon Escalante,Match Report,
Regular Season,4,Sat,2019-02-16,17:00 (22:00),Caracas,1–1,Aragua,,Estadio Olímpico,Luis Salas,Match Report,
Regular Season,4,Sun,2019-02-17,15:00 (20:00),Estud Caracas,0–0,LALA,,Cocodrilos Sports Park,Eduardo Mármol,Match Report,
Regular Season,4,Sun,2019-02-17,15:30 (20:30),Atlé Venezuela,0–2,Dep La Guaira,,Estadio Olímpico General José Antonio An...,Orlando Bracamonte,Match Report,
Regular Season,4,Sun,2019-02-17,16:00 (21:00),Trujillanos,0–2,Metropolitanos,,Estadio José Alberto Pérez,Leonardo Caripa,Match Report,
Regular Season,4,Sun,2019-02-17,16:00 (21:00),Mineros,1–0,Deportivo Lara,,Centro Total de Entretenimiento Cachamay,Juan Soto,Match Report,
Regular Season,4,Sun,2019-02-17,16:30 (21:30),Zulia,2–1,Acad Pr Cabello,,Estadio José Encarnación Pachencho Romer...,Robert Mosqueda,Match Report,
Regular Season,4,Sun,2019-02-17,17:00 (22:00),Estud Mérida,2–1,Dep Táchira,,Estadio Olímpico Metropolitano de Mérida,Ramón Ortega,Match Report,
Regular Season,4,Mon,2019-02-18,17:00 (22:00),Monagas,2–0,Zamora,,Estadio Monumental de Maturín,Yimmy García,Match Report,
,,,,,,,,,,,,
Regular Season,1,Wed,2019-02-20,16:00 (21:00),Carabobo,1–0,Atlé Venezuela,,Estadio Olímpico Rafael Calles Pinto,Isley Delgado,Match Report,
,,,,,,,,,,,,
Regular Season,5,Fri,2019-02-22,15:00 (20:00),Dep Táchira,0–0,Monagas,,Estadio Polideportivo de Pueblo Nuevo,Eduardo Mármol,Match Report,
Regular Season,5,Sat,2019-02-23,15:00 (20:00),LALA,1–2,Carabobo,,Centro Total de Entretenimiento Cachamay,Jesús Valenzuela,Match Report,
Regular Season,5,Sat,2019-02-23,16:00 (21:00),Metropolitanos,0–3,Portuguesa,,Estadio Olímpico,Robert Mosqueda,Match Report,
Regular Season,5,Sat,2019-02-23,17:00 (22:00),Aragua,0–0,Estud Mérida,,Estadio Olímpico Hermanos Ghersi Páez,Orlando Bracamonte,Match Report,
Regular Season,5,Sun,2019-02-24,15:00 (20:00),Llaneros,2–2,Atlé Venezuela,,Estadio Olímpico Rafael Calles Pinto,Yender Herrera,Match Report,
Regular Season,5,Sun,2019-02-24,16:00 (21:00),Dep La Guaira,3–0,Estud Caracas,,Estadio Olímpico,Luis Salas,Match Report,
Regular Season,5,Sun,2019-02-24,16:00 (21:00),Trujillanos,1–2,Zulia,,Estadio José Alberto Pérez,Ángel Arteaga,Match Report,
Regular Season,5,Sun,2019-02-24,17:00 (22:00),Deportivo Lara,3–0,Dep Anzoátegui,,Estadio Metropolitano de Fútbol de Lara,Alexis Herrera,Match Report,
Regular Season,5,Sun,2019-02-24,18:00 (23:00),Acad Pr Cabello,1–0,Caracas,,Complejo Deportivo Socialista,Marcos Suárez,Match Report,
Regular Season,5,Sun,2019-02-24,18:00 (23:00),Zamora,3–0,Mineros,,Estadio Rafael Agustín Tovar,Emikar Caldera,Match Report,
,,,,,,,,,,,,
Regular Season,6,Sat,2019-03-02,15:30 (20:30),Dep Anzoátegui,0–0,Zamora,,Estadio Olímpico General José Antonio An...,Isley Delgado,Match Report,
Regular Season,6,Sat,2019-03-02,16:00 (21:00),Carabobo,3–1,Dep La Guaira,,Estadio Olímpico Rafael Calles Pinto,Yimmy García,Match Report,
Regular Season,6,Sat,2019-03-02,17:00 (22:00),Caracas,1–0,Trujillanos,,Estadio Olímpico,Emikar Caldera,Match Report,
Regular Season,6,Sat,2019-03-02,17:45 (22:45),Portuguesa,0–0,LALA,,Estadio General José Antonio Páez,Luis Salas,Match Report,
Regular Season,6,Sun,2019-03-03,15:00 (20:00),Estud Caracas,3–2,Llaneros,,Cocodrilos Sports Park,Ronny Cueva,Match Report,
Regular Season,6,Sun,2019-03-03,15:30 (20:30),Atlé Venezuela,0–0,Deportivo Lara,,Estadio Olímpico General José Antonio An...,Eduardo Mármol,Match Report,
Regular Season,6,Sun,2019-03-03,16:00 (21:00),Mineros,1–0,Dep Táchira,,Centro Total de Entretenimiento Cachamay,Marcos Suárez,Match Report,
Regular Season,6,Sun,2019-03-03,16:30 (21:30),Zulia,0–2,Metropolitanos,,Estadio José Encarnación Pachencho Romer...,Yender Herrera,Match Report,
Regular Season,6,Sun,2019-03-03,17:00 (22:00),Monagas,0–1,Aragua,,Estadio Monumental de Maturín,Ramón Ortega,Match Report,
Regular Season,6,Sun,2019-03-03,17:00 (22:00),Estud Mérida,1–1,Acad Pr Cabello,,Estadio Olímpico Metropolitano de Mérida,Marlon Escalante,Match Report,
,,,,,,,,,,,,
Regular Season,7,Fri,2019-03-08,16:30 (21:30),Zamora,3–3,Atlé Venezuela,,Estadio Rafael Agustín Tovar,José Argote,Match Report,
Regular Season,7,Sat,2019-03-09,16:00 (21:00),Aragua,2–0,Mineros,,Estadio Olímpico Hermanos Ghersi Páez,Ángel Arteaga,Match Report,
Regular Season,7,Sun,2019-03-10,15:00 (20:00),Llaneros,1–2,Carabobo,,Estadio Olímpico Rafael Calles Pinto,Eduardo Mármol,Match Report,
Regular Season,7,Sun,2019-03-10,16:00 (21:00),Dep La Guaira,2–0,Portuguesa,,Estadio Olímpico,Emikar Caldera,Match Report,
Regular Season,7,Sun,2019-03-10,16:00 (21:00),Trujillanos,0–1,Estud Mérida,,Estadio José Alberto Pérez,Marcos Suárez,Match Report,
Regular Season,7,Sun,2019-03-10,16:00 (21:00),Dep Táchira,3–0,Dep Anzoátegui,,Estadio Polideportivo de Pueblo Nuevo,Jesús Valenzuela,Match Report,
Regular Season,7,Sun,2019-03-10,16:30 (21:30),Zulia,0–0,Caracas,,Estadio José Encarnación Pachencho Romer...,,Match Report,Match awarded to
Regular Season,7,Sun,2019-03-10,18:00 (23:00),Acad Pr Cabello,4–0,Monagas,,Complejo Deportivo Socialista,Leonardo Caripa,Match Report,
Regular Season,7,Mon,2019-03-11,16:00 (21:00),Metropolitanos,4–0,LALA,,Estadio Olímpico,Ramón Ortega,Match Report,
,,,,,,,,,,,,
Regular Season,9,Tue,2019-03-19,16:00 (21:00),Metropolitanos,0–0,Dep La Guaira,,Estadio Olímpico,Orlando Bracamonte,Match Report,
Regular Season,9,Wed,2019-03-20,15:00 (20:00),Trujillanos,0–3,Mineros,,Estadio José Alberto Pérez,,Match Report,Match awarded to Mineros
Regular Season,9,Wed,2019-03-20,15:00 (20:00),Llaneros,1–2,LALA,,Estadio Olímpico Rafael Calles Pinto,Isley Delgado,Match Report,
Regular Season,9,Wed,2019-03-20,16:00 (21:00),Zamora,1–0,Carabobo,,Estadio Rafael Agustín Tovar,Marlon Escalante,Match Report,
Regular Season,9,Wed,2019-03-20,16:00 (21:00),Deportivo Lara,1–1,Portuguesa,,Estadio Metropolitano de Fútbol de Lara,Marcos Suárez,Match Report,
Regular Season,9,Wed,2019-03-20,16:30 (21:30),Acad Pr Cabello,1–3,Dep Anzoátegui,,Complejo Deportivo Socialista,José Uzcátegui,Match Report,
Regular Season,9,Wed,2019-03-20,17:00 (22:00),Aragua,0–3,Atlé Venezuela,,Estadio Olímpico Hermanos Ghersi Páez,Jesús Valenzuela,Match Report,
Regular Season,9,Wed,2019-03-20,17:00 (22:00),Caracas,1–0,Estud Mérida,,Estadio Olímpico,Alexis Herrera,Match Report,
Regular Season,9,Wed,2019-03-20,19:00 (00:00),Dep Táchira,3–2,Estud Caracas,,Estadio Polideportivo de Pueblo Nuevo,Emikar Caldera,Match Report,
,,,,,,,,,,,,
Regular Season,10,Sat,2019-03-23,15:30 (20:30),Dep Anzoátegui,1–3,Trujillanos,,Estadio Olímpico General José Antonio An...,Leonardo Caripa,Match Report,
Regular Season,10,Sat,2019-03-23,16:00 (21:00),LALA,2–3,Deportivo Lara,,Centro Total de Entretenimiento Cachamay,José Argote,Match Report,
Regular Season,10,Sat,2019-03-23,16:00 (21:00),Carabobo,2–1,Dep Táchira,,Estadio Olímpico Rafael Calles Pinto,Ramón Ortega,Match Report,
Regular Season,10,Sat,2019-03-23,16:15 (21:15),Portuguesa,0–1,Zamora,,Estadio General José Antonio Páez,Eduardo Mármol,Match Report,
Regular Season,10,Sun,2019-03-24,15:00 (20:00),Estud Caracas,1–2,Aragua,,Estadio Olímpico Hermanos Ghersi Páez,Juan Soto,Match Report,
Regular Season,10,Sun,2019-03-24,15:30 (20:30),Atlé Venezuela,0–0,Acad Pr Cabello,,Estadio Olímpico General José Antonio An...,Yimmy García,Match Report,
Regular Season,10,Sun,2019-03-24,16:00 (21:00),Mineros,1–1,Zulia,,Centro Total de Entretenimiento Cachamay,Orlando Bracamonte,Match Report,
Regular Season,10,Sun,2019-03-24,16:00 (21:00),Dep La Guaira,5–2,Llaneros,,Estadio Olímpico,Alexis Herrera,Match Report,
Regular Season,10,Sun,2019-03-24,16:00 (21:00),Estud Mérida,3–0,Metropolitanos,,Estadio Olímpico Metropolitano de Mérida,Luis Salas,Match Report,
Regular Season,10,Sun,2019-03-24,17:00 (22:00),Monagas,1–1,Caracas,,Estadio Monumental de Maturín,Jesús Valenzuela,Match Report,
,,,,,,,,,,,,
Regular Season,8,Wed,2019-03-27,15:30 (20:30),Monagas,2–1,Trujillanos,,Estadio Monumental de Maturín,Orlando Bracamonte,Match Report,
,,,,,,,,,,,,
Regular Season,13,Wed,2019-03-27,16:00 (21:00),Zamora,3–0,Llaneros,,Estadio Rafael Agustín Tovar,Luis Salas,Match Report,
,,,,,,,,,,,,
Regular Season,11,Sat,2019-03-30,10:00 (15:00),Zamora,1–1,LALA,,Estadio Rafael Agustín Tovar,Yimmy García,Match Report,
Regular Season,11,Sat,2019-03-30,16:00 (21:00),Caracas,4–2,Mineros,,Estadio Olímpico,José Argote,Match Report,
Regular Season,11,Sat,2019-03-30,16:00 (21:00),Aragua,0–0,Carabobo,,Estadio Olímpico Hermanos Ghersi Páez,Marcos Suárez,Match Report,
Regular Season,11,Sun,2019-03-31,16:00 (22:00),Estud Mérida,1–0,Monagas,,Estadio Olímpico Metropolitano de Mérida,Emikar Caldera,Match Report,
Regular Season,11,Sun,2019-03-31,16:00 (22:00),Deportivo Lara,1–1,Dep La Guaira,,Estadio Metropolitano de Fútbol de Lara,Luis Salas,Match Report,
Regular Season,11,Sun,2019-03-31,16:00 (22:00),Acad Pr Cabello,4–3,Estud Caracas,,Complejo Deportivo Socialista,Isley Delgado,Match Report,
Regular Season,11,Sun,2019-03-31,16:00 (22:00),Metropolitanos,2–2,Llaneros,,Estadio Olímpico,Leonardo Caripa,Match Report,
Regular Season,11,Sun,2019-03-31,16:00 (22:00),Dep Táchira,3–1,Portuguesa,,Estadio Polideportivo de Pueblo Nuevo,Juan Soto,Match Report,
Regular Season,11,Sun,2019-03-31,16:00 (22:00),Trujillanos,1–3,Atlé Venezuela,,Estadio José Alberto Pérez,Yender Herrera,Match Report,
Regular Season,11,Sun,2019-03-31,16:00 (22:00),Zulia,1–0,Dep Anzoátegui,,Estadio José Encarnación Pachencho Romer...,Ramón Ortega,Match Report,
,,,,,,,,,,,,
Regular Season,12,Wed,2019-04-03,15:00 (21:00),Llaneros,2–3,Deportivo Lara,,Estadio Olímpico Rafael Calles Pinto,Yender Herrera,Match Report,
Regular Season,12,Wed,2019-04-03,15:30 (21:30),Estud Caracas,1–2,Trujillanos,,Estadio Olímpico Hermanos Ghersi Páez,Eduardo Mármol,Match Report,
Regular Season,12,Wed,2019-04-03,15:30 (21:30),Dep Anzoátegui,0–3,Caracas,,Estadio Olímpico General José Antonio An...,Emikar Caldera,Match Report,
Regular Season,12,Wed,2019-04-03,16:00 (22:00),LALA,1–0,Dep Táchira,,Centro Total de Entretenimiento Cachamay,Luis Salas,Match Report,
Regular Season,12,Wed,2019-04-03,16:00 (22:00),Monagas,1–1,Metropolitanos,,Estadio Monumental de Maturín,Isley Delgado,Match Report,
Regular Season,12,Wed,2019-04-03,16:00 (22:00),Dep La Guaira,4–0,Zamora,,Estadio Olímpico,Ramón Ortega,Match Report,
Regular Season,12,Wed,2019-04-03,16:00 (22:00),Portuguesa,1–1,Aragua,,Estadio General José Antonio Páez,José Argote,Match Report,
Regular Season,12,Thu,2019-04-04,15:30 (21:30),Atlé Venezuela,0–0,Zulia,,Estadio Olímpico General José Antonio An...,Robert Mosqueda,Match Report,
Regular Season,12,Thu,2019-04-04,16:00 (22:00),Carabobo,1–1,Acad Pr Cabello,,Estadio Olímpico Rafael Calles Pinto,Leonardo Caripa,Match Report,
,,,,,,,,,,,,
Regular Season,13,Sat,2019-04-06,16:00 (22:00),Metropolitanos,0–0,Deportivo Lara,,Estadio Olímpico,Eduardo Mármol,Match Report,
Regular Season,13,Sat,2019-04-06,16:00 (22:00),Aragua,2–0,LALA,,Estadio Olímpico Hermanos Ghersi Páez,Edwing Gómez,Match Report,
Regular Season,13,Sun,2019-04-07,16:00 (22:00),Trujillanos,0–3,Carabobo,,Estadio José Alberto Pérez,Robert Mosqueda,Match Report,
Regular Season,13,Sun,2019-04-07,16:00 (22:00),Estud Mérida,2–1,Dep Anzoátegui,,Estadio Olímpico Metropolitano de Mérida,Yender Herrera,Match Report,
Regular Season,13,Sun,2019-04-07,16:00 (22:00),Caracas,2–2,Atlé Venezuela,,Estadio Olímpico,Orlando Bracamonte,Match Report,
Regular Season,13,Sun,2019-04-07,16:00 (22:00),Zulia,1–1,Estud Caracas,,Estadio José Encarnación Pachencho Romer...,Leonardo Caripa,Match Report,
Regular Season,13,Sun,2019-04-07,16:00 (22:00),Monagas,2–1,Mineros,,Estadio Monumental de Maturín,Ramón Ortega,Match Report,
Regular Season,13,Sun,2019-04-07,16:00 (22:00),Acad Pr Cabello,2–0,Portuguesa,,Complejo Deportivo Socialista,Emikar Caldera,Match Report,
Regular Season,13,Sun,2019-04-07,17:00 (23:00),Dep Táchira,2–1,Dep La Guaira,,Estadio Polideportivo de Pueblo Nuevo,Isley Delgado,Match Report,
,,,,,,,,,,,,
Regular Season,12,Wed,2019-04-10,16:00 (22:00),Mineros,1–0,Estud Mérida,,Centro Total de Entretenimiento Cachamay,Félix Guilarte,Match Report,
,,,,,,,,,,,,
Regular Season,14,Fri,2019-04-12,16:00 (22:00),Carabobo,3–1,Zulia,,Estadio Olímpico Rafael Calles Pinto,Emikar Caldera,Match Report,
Regular Season,14,Sat,2019-04-13,15:30 (21:30),Dep Anzoátegui,3–2,Monagas,,Estadio Olímpico General José Antonio An...,Leonardo Caripa,Match Report,
Regular Season,14,Sat,2019-04-13,16:00 (22:00),LALA,3–1,Acad Pr Cabello,,Centro Total de Entretenimiento Cachamay,Orlando Bracamonte,Match Report,
Regular Season,14,Sat,2019-04-13,16:00 (22:00),Portuguesa,2–2,Trujillanos,,Estadio General José Antonio Páez,Luis Salas,Match Report,
Regular Season,14,Sun,2019-04-14,15:00 (21:00),Llaneros,1–3,Dep Táchira,,Estadio Olímpico Rafael Calles Pinto,Marcos Suárez,Match Report,
Regular Season,14,Sun,2019-04-14,15:00 (21:00),Estud Caracas,0–3,Caracas,,Estadio Olímpico Hermanos Ghersi Páez,Ramón Ortega,Match Report,
Regular Season,14,Sun,2019-04-14,16:00 (22:00),Atlé Venezuela,1–1,Estud Mérida,,Estadio Olímpico General José Antonio An...,Marlon Escalante,Match Report,
Regular Season,14,Sun,2019-04-14,16:00 (22:00),Deportivo Lara,3–0,Zamora,,Estadio Metropolitano de Fútbol de Lara,Edwing Gómez,Match Report,
Regular Season,14,Sun,2019-04-14,16:00 (22:00),Mineros,1–0,Metropolitanos,,Centro Total de Entretenimiento Cachamay,Jesús Valenzuela,Match Report,
Regular Season,14,Sun,2019-04-14,16:00 (22:00),Dep La Guaira,0–0,Aragua,,Estadio Olímpico,Eduardo Mármol,Match Report,
,,,,,,,,,,,,
Regular Season,8,Wed,2019-04-17,15:00 (21:00),Estud Caracas,1–0,Zamora,,Estadio Olímpico Hermanos Ghersi Páez,Robert Mosqueda,Match Report,
Regular Season,8,Wed,2019-04-17,15:30 (21:30),Dep Anzoátegui,3–1,Aragua,,Estadio Olímpico General José Antonio An...,Luis Salas,Match Report,
Regular Season,8,Wed,2019-04-17,16:00 (22:00),Caracas,1–0,Metropolitanos,,Estadio Olímpico,Alexis Herrera,Match Report,
Regular Season,8,Wed,2019-04-17,16:00 (22:00),Mineros,1–2,Acad Pr Cabello,,Centro Total de Entretenimiento Cachamay,Marlon Escalante,Match Report,
Regular Season,8,Wed,2019-04-17,16:00 (22:00),Carabobo,2–1,Deportivo Lara,,Estadio Olímpico Rafael Calles Pinto,Isley Delgado,Match Report,
Regular Season,8,Wed,2019-04-17,16:00 (22:00),Portuguesa,2–2,Llaneros,,Estadio General José Antonio Páez,Yimmy García,Match Report,
Regular Season,8,Thu,2019-04-18,16:00 (22:00),LALA,2–1,Dep La Guaira,,Centro Total de Entretenimiento Cachamay,Yender Herrera,Match Report,
Regular Season,8,Thu,2019-04-18,16:00 (22:00),Atlé Venezuela,1–0,Dep Táchira,,Estadio Olímpico General José Antonio An...,Eduardo Mármol,Match Report,
Regular Season,8,Thu,2019-04-18,16:00 (22:00),Estud Mérida,4–0,Zulia,,Estadio Olímpico Metropolitano de Mérida,Jesús Valenzuela,Match Report,
,,,,,,,,,,,,
Regular Season,15,Sat,2019-04-20,16:00 (22:00),Metropolitanos,2–1,Zamora,,Estadio Olímpico,Emikar Caldera,Match Report,
Regular Season,15,Sun,2019-04-21,16:00 (22:00),Estud Mérida,4–0,Estud Caracas,,Estadio Olímpico Metropolitano de Mérida,Edwing Gómez,Match Report,
Regular Season,15,Sun,2019-04-21,16:00 (22:00),Monagas,2–1,Atlé Venezuela,,Estadio Monumental de Maturín,Marcos Suárez,Match Report,
Regular Season,15,Sun,2019-04-21,16:00 (22:00),Mineros,3–2,Dep Anzoátegui,,Centro Total de Entretenimiento Cachamay,Yimmy García,Match Report,
Regular Season,15,Sun,2019-04-21,16:00 (22:00),Aragua,2–0,Llaneros,,Estadio Olímpico Hermanos Ghersi Páez,Isley Delgado,Match Report,
Regular Season,15,Sun,2019-04-21,16:00 (22:00),Zulia,1–1,Portuguesa,,Estadio José Encarnación Pachencho Romer...,Yender Herrera,Match Report,
Regular Season,15,Sun,2019-04-21,16:00 (22:00),Trujillanos,1–2,LALA,,Estadio José Alberto Pérez,Ramón Ortega,Match Report,
Regular Season,15,Sun,2019-04-21,17:00 (23:00),Dep Táchira,3–1,Deportivo Lara,,Estadio Polideportivo de Pueblo Nuevo,Orlando Bracamonte,Match Report,
Regular Season,15,Sun,2019-04-21,17:00 (23:00),Caracas,0–2,Carabobo,,Estadio Olímpico,Eduardo Mármol,Match Report,
Regular Season,15,Mon,2019-04-22,17:00 (23:00),Acad Pr Cabello,3–3,Dep La Guaira,,Complejo Deportivo Socialista,Leonardo Caripa,Match Report,
,,,,,,,,,,,,
Regular Season,7,Thu,2019-04-25,16:00 (22:00),Deportivo Lara,1–1,Estud Caracas,,Estadio Metropolitano de Fútbol de Lara,Luis Salas,Match Report,
,,,,,,,,,,,,
Regular Season,16,Sat,2019-04-27,15:30 (21:30),Dep Anzoátegui,0–1,Metropolitanos,,Estadio Olímpico General José Antonio An...,Orlando Bracamonte,Match Report,
Regular Season,16,Sat,2019-04-27,16:00 (22:00),Portuguesa,1–1,Caracas,,Estadio General José Antonio Páez,Ángel Arteaga,Match Report,
Regular Season,16,Sat,2019-04-27,16:00 (22:00),Carabobo,0–0,Estud Mérida,,Estadio Olímpico Rafael Calles Pinto,Ramón Ortega,Match Report,
Regular Season,16,Sat,2019-04-27,16:00 (22:00),LALA,3–3,Zulia,,Centro Total de Entretenimiento Cachamay,Isley Delgado,Match Report,
Regular Season,16,Sun,2019-04-28,15:00 (21:00),Estud Caracas,2–2,Monagas,,Estadio Olímpico Hermanos Ghersi Páez,Yender Herrera,Match Report,
Regular Season,16,Sun,2019-04-28,16:00 (22:00),Dep La Guaira,6–0,Trujillanos,,Estadio Olímpico,Edwing Gómez,Match Report,
Regular Season,16,Sun,2019-04-28,16:00 (22:00),Atlé Venezuela,1–1,Mineros,,Estadio Olímpico General José Antonio An...,Alexis Herrera,Match Report,
Regular Season,16,Sun,2019-04-28,16:00 (22:00),Llaneros,3–2,Acad Pr Cabello,,Estadio Olímpico Rafael Calles Pinto,Robert Mosqueda,Match Report,
Regular Season,16,Sun,2019-04-28,17:00 (23:00),Deportivo Lara,1–2,Aragua,,Estadio Metropolitano de Fútbol de Lara,Yimmy García,Match Report,
Regular Season,16,Mon,2019-04-29,17:00 (23:00),Zamora,2–2,Dep Táchira,,Estadio Rafael Agustín Tovar,Jesús Valenzuela,Match Report,
,,,,,,,,,,,,
Regular Season,9,Wed,2019-05-01,16:00 (22:00),Zulia,0–0,Monagas,,Estadio José Encarnación Pachencho Romer...,Robert Mosqueda,Match Report,
,,,,,,,,,,,,
Regular Season,17,Fri,2019-05-03,16:00 (22:00),Aragua,0–2,Zamora,,Estadio Olímpico Hermanos Ghersi Páez,Ramón Ortega,Match Report,
Regular Season,17,Fri,2019-05-03,17:00 (23:00),Acad Pr Cabello,2–0,Deportivo Lara,,Complejo Deportivo Socialista,Marcos Suárez,Match Report,
Regular Season,17,Sat,2019-05-04,15:30 (21:30),Dep Anzoátegui,2–1,Atlé Venezuela,,Estadio Olímpico General José Antonio An...,Emikar Caldera,Match Report,
Regular Season,17,Sat,2019-05-04,16:00 (22:00),Metropolitanos,3–0,Dep Táchira,,Estadio Olímpico,Ángel Arteaga,Match Report,
Regular Season,17,Sun,2019-05-05,16:00 (22:00),Estud Mérida,1–1,Portuguesa,,Estadio Olímpico Metropolitano de Mérida,Leonardo Caripa,Match Report,
Regular Season,17,Sun,2019-05-05,16:00 (22:00),Trujillanos,1–3,Llaneros,,Estadio José Alberto Pérez,Yender Herrera,Match Report,
Regular Season,17,Sun,2019-05-05,16:00 (22:00),Zulia,1–0,Dep La Guaira,,Estadio José Encarnación Pachencho Romer...,Luis Salas,Match Report,
Regular Season,17,Sun,2019-05-05,16:00 (22:00),Mineros,2–1,Estud Caracas,,Centro Total de Entretenimiento Cachamay,Eduardo Mármol,Match Report,
Regular Season,17,Sun,2019-05-05,17:00 (23:00),Caracas,2–2,LALA,,Estadio Olímpico,Orlando Bracamonte,Match Report,
Regular Season,17,Sun,2019-05-05,17:00 (23:00),Monagas,2–4,Carabobo,,Estadio Monumental de Maturín,Jesús Valenzuela,Match Report,
,,,,,,,,,,,,
Regular Season,18,Sat,2019-05-11,16:00 (22:00),Metropolitanos,0–1,Atlé Venezuela,,Estadio Olímpico,Ramón Ortega,Match Report,
Regular Season,18,Sat,2019-05-11,16:00 (22:00),Carabobo,1–1,Mineros,,Estadio Olímpico Rafael Calles Pinto,Robert Mosqueda,Match Report,
Regular Season,18,Sun,2019-05-12,16:00 (22:00),Portuguesa,3–1,Monagas,,Estadio General José Antonio Páez,Alexis Herrera,Match Report,
Regular Season,18,Sun,2019-05-12,16:00 (22:00),Dep La Guaira,1–4,Caracas,,Estadio Olímpico,Jesús Valenzuela,Match Report,
Regular Season,18,Sun,2019-05-12,16:00 (22:00),Zamora,2–2,Acad Pr Cabello,,Estadio Rafael Agustín Tovar,Ángel Arteaga,Match Report,
Regular Season,18,Sun,2019-05-12,16:00 (22:00),Dep Táchira,1–2,Aragua,,Estadio Polideportivo de Pueblo Nuevo,Juan Soto,Match Report,
Regular Season,18,Sun,2019-05-12,16:00 (22:00),Estud Caracas,4–2,Dep Anzoátegui,,Estadio Olímpico Hermanos Ghersi Páez,Marcos Suárez,Match Report,
Regular Season,18,Sun,2019-05-12,16:00 (22:00),Llaneros,0–1,Zulia,,Estadio Olímpico Rafael Calles Pinto,Emikar Caldera,Match Report,
Regular Season,18,Sun,2019-05-12,16:00 (22:00),LALA,1–1,Estud Mérida,,Centro Total de Entretenimiento Cachamay,Luis Salas,Match Report,
Regular Season,18,Sun,2019-05-12,16:00 (22:00),Deportivo Lara,2–1,Trujillanos,,Estadio Metropolitano de Fútbol de Lara,Isley Delgado,Match Report,
,,,,,,,,,,,,
Regular Season,19,Sat,2019-05-18,16:00 (22:00),Caracas,5–0,Llaneros,,Estadio Olímpico,Edwing Gómez,Match Report,
Regular Season,19,Sat,2019-05-18,16:00 (22:00),Dep Anzoátegui,0–1,Carabobo,,Estadio Olímpico General José Antonio An...,Yender Herrera,Match Report,
Regular Season,19,Sun,2019-05-19,16:00 (22:00),Atlé Venezuela,2–1,Estud Caracas,,Estadio Olímpico General José Antonio An...,José Luis Hoyos,Match Report,
Regular Season,19,Sun,2019-05-19,16:00 (22:00),Estud Mérida,2–2,Dep La Guaira,,Estadio Olímpico Metropolitano de Mérida,Emikar Caldera,Match Report,
Regular Season,19,Sun,2019-05-19,16:00 (22:00),Aragua,1–0,Metropolitanos,,Estadio Olímpico Hermanos Ghersi Páez,Orlando Bracamonte,Match Report,
Regular Season,19,Sun,2019-05-19,16:00 (22:00),Trujillanos,0–3,Zamora,,Estadio José Alberto Pérez,Yercinia Correa,Match Report,
Regular Season,19,Sun,2019-05-19,16:00 (22:00),Acad Pr Cabello,2–2,Dep Táchira,,Complejo Deportivo Socialista,José Argote,Match Report,
Regular Season,19,Sun,2019-05-19,16:00 (22:00),Monagas,3–0,LALA,,Estadio Monumental de Maturín,Marlon Escalante,Match Report,
Regular Season,19,Sun,2019-05-19,16:00 (22:00),Mineros,6–0,Portuguesa,,Centro Total de Entretenimiento Cachamay,Isley Delgado,Match Report,
Regular Season,19,Sun,2019-05-19,16:00 (22:00),Zulia,1–0,Deportivo Lara,,Estadio José Encarnación Pachencho Romer...,Jean Gómez,Match Report,
,,,,,,,,,,,,
Quarter-finals,,Fri,2019-05-24,18:00 (00:00),Zamora,2–1,Mineros,,Estadio Rafael Agustín Tovar,Juan Soto,Match Report,Leg 1 of 2
Quarter-finals,,Sat,2019-05-25,17:00 (23:00),Zulia,3–2,Caracas,,Estadio José Encarnación Pachencho Romer...,Marlon Escalante,Match Report,Leg 1 of 2
Quarter-finals,,Sun,2019-05-26,17:00 (23:00),Aragua,1–2,Estud Mérida,,Estadio Olímpico Hermanos Ghersi Páez,Ángel Arteaga,Match Report,Leg 1 of 2
Quarter-finals,,Mon,2019-05-27,16:00 (22:00),Atlé Venezuela,2–2,Carabobo,,Estadio Olímpico Hermanos Ghersi Páez,Orlando Bracamonte,Match Report,Leg 1 of 2
Quarter-finals,,Fri,2019-05-31,16:00 (22:00),Carabobo,1–0,Atlé Venezuela,,Estadio Olímpico Rafael Calles Pinto,José Argote,Match Report,Leg 2 of 2; Carabobo won
Quarter-finals,,Sat,2019-06-01,16:00 (22:00),Mineros,1–0,Zamora,,Centro Total de Entretenimiento Cachamay,Orlando Bracamonte,Match Report,Leg 2 of 2; Mineros won
Quarter-finals,,Sun,2019-06-02,17:00 (23:00),Estud Mérida,1–1,Aragua,,Estadio Olímpico Metropolitano de Mérida,Juan Soto,Match Report,Leg 2 of 2; Estud Mérida won
Quarter-finals,,Mon,2019-06-03,16:00 (22:00),Caracas,1–2,Zulia,,Estadio Olímpico,Ángel Arteaga,Match Report,Leg 2 of 2; Zulia won
Semi-finals,,Sun,2019-06-09,16:30 (22:30),Zulia,0–0,Mineros,,Estadio José Encarnación Pachencho Romer...,Emikar Caldera,Match Report,Leg 1 of 2
Semi-finals,,Sun,2019-06-09,19:00 (01:00),Estud Mérida,0–1,Carabobo,,Estadio Olímpico Metropolitano de Mérida,Ramón Ortega,Match Report,Leg 1 of 2
Semi-finals,,Sun,2019-06-16,17:00 (23:00),Carabobo,1–2,Estud Mérida,,Estadio Metropolitano de Fútbol de Lara,Orlando Bracamonte,Match Report,Leg 2 of 2; Estud Mérida won
Semi-finals,,Sun,2019-06-16,19:30 (01:30),Mineros,(4)0–0(3),Zulia,,Centro Total de Entretenimiento Cachamay,Isley Delgado,Match Report,Leg 2 of 2; Mineros won on penalty kicks following extra time
Finals,,Sun,2019-06-23,17:00 (23:00),Estud Mérida,0–0,Mineros,37870,Estadio Olímpico Metropolitano de Mérida,Ángel Arteaga,Match Report,Leg 1 of 2
Finals,,Sun,2019-06-30,17:00 (23:00),Mineros,(0)0–0(2),Estud Mérida,32580,Centro Total de Entretenimiento Cachamay,José Argote,Match Report,Leg 2 of 2; Estud Mérida won on penalty kicks following extra time
Regular Season,1,Fri,2019-07-26,16:00 (22:00),Zulia,1–0,Zamora,,Estadio José Encarnación Pachencho Romer...,,Match Report,
Regular Season,1,Sat,2019-07-27,,Dep Anzoátegui,0–0,Portuguesa,,Estadio Olímpico General José Antonio An...,,Match Report,Match Cancelled
Regular Season,1,Sat,2019-07-27,16:00 (22:00),Estud Caracas,0–2,Metropolitanos,,Estadio Olímpico Hermanos Ghersi Páez,,Match Report,
Regular Season,1,Sat,2019-07-27,17:00 (23:00),Monagas,2–2,Dep La Guaira,,Estadio Monumental de Maturín,,Match Report,
Regular Season,1,Sun,2019-07-28,,Caracas,0–3,Deportivo Lara,,Estadio Olímpico,,Match Report,Match awarded to Deportivo Lara
Regular Season,1,Sun,2019-07-28,16:00 (22:00),Estud Mérida,3–0,Llaneros,,Estadio Olímpico Metropolitano de Mérida,,Match Report,
Regular Season,1,Sun,2019-07-28,16:00 (22:00),Atlé Venezuela,2–1,Carabobo,,Estadio Olímpico Hermanos Ghersi Páez,,Match Report,
Regular Season,1,Sun,2019-07-28,16:00 (22:00),Trujillanos,3–1,Dep Táchira,,Estadio José Alberto Pérez,,Match Report,
Regular Season,1,Sun,2019-07-28,16:00 (22:00),Acad Pr Cabello,1–2,Aragua,,Complejo Deportivo Socialista,,Match Report,
Regular Season,1,Sun,2019-07-28,16:00 (22:00),Mineros,1–0,LALA,,Centro Total de Entretenimiento Cachamay,,Match Report,
,,,,,,,,,,,,
Regular Season,2,Sat,2019-08-03,,LALA,,Dep Anzoátegui,,Centro Total de Entretenimiento Cachamay,,Match Report,Match Cancelled
Regular Season,2,Sat,2019-08-03,15:30 (21:30),Carabobo,1–3,Estud Caracas,,Estadio Olímpico Rafael Calles Pinto,,Match Report,
Regular Season,2,Sat,2019-08-03,16:00 (22:00),Metropolitanos,2–3,Acad Pr Cabello,,Estadio Olímpico,,Match Report,
Regular Season,2,Sat,2019-08-03,16:00 (22:00),Portuguesa,0–0,Atlé Venezuela,,Estadio General José Antonio Páez,,Match Report,
Regular Season,2,Sat,2019-08-03,17:00 (23:00),Aragua,0–1,Trujillanos,,Estadio Olímpico Hermanos Ghersi Páez,,Match Report,
Regular Season,2,Sun,2019-08-04,16:00 (22:00),Dep La Guaira,1–1,Mineros,,Estadio Olímpico,,Match Report,
Regular Season,2,Sun,2019-08-04,16:00 (22:00),Deportivo Lara,2–1,Estud Mérida,,Estadio Metropolitano de Fútbol de Lara,,Match Report,
Regular Season,2,Sun,2019-08-04,16:00 (22:00),Llaneros,0–1,Monagas,,Estadio Olímpico Rafael Calles Pinto,,Match Report,
Regular Season,2,Sun,2019-08-04,17:00 (23:00),Dep Táchira,2–0,Zulia,,Estadio Polideportivo de Pueblo Nuevo,,Match Report,
Regular Season,2,Sun,2019-08-04,17:00 (23:00),Zamora,0–1,Caracas,,Estadio Rafael Agustín Tovar,,Match Report,
,,,,,,,,,,,,
Regular Season,3,Sat,2019-08-10,,Dep Anzoátegui,,Dep La Guaira,,Estadio Olímpico General José Antonio An...,,Match Report,Match Cancelled
Regular Season,3,Sat,2019-08-10,15:30 (21:30),Carabobo,1–1,Metropolitanos,,Estadio Olímpico Rafael Calles Pinto,,Match Report,
Regular Season,3,Sat,2019-08-10,16:00 (22:00),Estud Caracas,0–1,Portuguesa,,Estadio Olímpico Hermanos Ghersi Páez,,Match Report,
Regular Season,3,Sat,2019-08-10,16:00 (22:00),Caracas,0–0,Dep Táchira,,Estadio Metropolitano de Fútbol de Lara,,Match Report,
Regular Season,3,Sat,2019-08-10,17:00 (23:00),Monagas,1–1,Deportivo Lara,,Estadio Monumental de Maturín,,Match Report,
Regular Season,3,Sun,2019-08-11,16:00 (22:00),Atlé Venezuela,1–1,LALA,,Estadio Olímpico Hermanos Ghersi Páez,,Match Report,
Regular Season,3,Sun,2019-08-11,16:00 (22:00),Mineros,1–1,Llaneros,,Centro Total de Entretenimiento Cachamay,,Match Report,
Regular Season,3,Sun,2019-08-11,16:00 (22:00),Trujillanos,2–0,Acad Pr Cabello,,Estadio José Alberto Pérez,,Match Report,
Regular Season,3,Sun,2019-08-11,16:00 (22:00),Estud Mérida,0–0,Zamora,,Estadio Olímpico Metropolitano de Mérida,,Match Report,
Regular Season,3,Sun,2019-08-11,16:00 (22:00),Zulia,,Aragua,,Estadio José Encarnación Pachencho Romer...,,,Match Postponed
,,,,,,,,,,,,
Regular Season,4,Wed,2019-08-14,,Llaneros,,Dep Anzoátegui,,Estadio Olímpico Rafael Calles Pinto,,Match Report,Match Cancelled
Regular Season,4,Wed,2019-08-14,16:00 (22:00),Metropolitanos,4–3,Trujillanos,,Estadio Olímpico,,Match Report,
Regular Season,4,Wed,2019-08-14,16:00 (22:00),Portuguesa,0–1,Carabobo,,Estadio General José Antonio Páez,,Match Report,
Regular Season,4,Wed,2019-08-14,16:00 (22:00),LALA,2–2,Estud Caracas,,Centro Total de Entretenimiento Cachamay,,Match Report,
Regular Season,4,Wed,2019-08-14,16:00 (22:00),Deportivo Lara,1–1,Mineros,,Estadio Metropolitano de Fútbol de Lara,,Match Report,
Regular Season,4,Wed,2019-08-14,17:00 (23:00),Zamora,1–1,Monagas,,Estadio Rafael Agustín Tovar,,Match Report,
Regular Season,4,Wed,2019-08-14,17:00 (23:00),Aragua,1–0,Caracas,,Estadio Olímpico Hermanos Ghersi Páez,,Match Report,
Regular Season,4,Wed,2019-08-14,19:00 (01:00),Dep Táchira,1–0,Estud Mérida,,Estadio Polideportivo de Pueblo Nuevo,,Match Report,
Regular Season,4,Thu,2019-08-15,16:00 (22:00),Dep La Guaira,1–1,Atlé Venezuela,,Estadio Olímpico,,Match Report,
,,,,,,,,,,,,
Regular Season,5,Sat,2019-08-17,,Dep Anzoátegui,,Deportivo Lara,,Estadio Olímpico General José Antonio An...,,Match Report,Match Cancelled
Regular Season,5,Sat,2019-08-17,16:00 (22:00),Carabobo,0–0,LALA,,Estadio Olímpico Rafael Calles Pinto,,Match Report,
Regular Season,5,Sat,2019-08-17,16:00 (22:00),Portuguesa,0–0,Metropolitanos,,Estadio General José Antonio Páez,,Match Report,
Regular Season,5,Sat,2019-08-17,17:00 (23:00),Mineros,3–0,Zamora,,Centro Total de Entretenimiento Cachamay,,Match Report,
Regular Season,5,Sun,2019-08-18,16:00 (22:00),Atlé Venezuela,1–4,Llaneros,,Estadio Olímpico Hermanos Ghersi Páez,,Match Report,
Regular Season,5,Sun,2019-08-18,16:00 (22:00),Estud Mérida,0–2,Aragua,,Estadio Olímpico Metropolitano de Mérida,,Match Report,
Regular Season,5,Sun,2019-08-18,17:00 (23:00),Caracas,4–1,Acad Pr Cabello,,Estadio Olímpico,,Match Report,
Regular Season,5,Sun,2019-08-18,18:00 (00:00),Monagas,2–1,Dep Táchira,,Estadio Monumental de Maturín,,Match Report,
Regular Season,5,Mon,2019-08-19,16:00 (22:00),Zulia,3–2,Trujillanos,,Estadio José Encarnación Pachencho Romer...,,Match Report,
Regular Season,5,Mon,2019-08-19,16:00 (22:00),Estud Caracas,0–1,Dep La Guaira,,Estadio Olímpico Hermanos Ghersi Páez,,Match Report,
,,,,,,,,,,,,
Regular Season,6,Fri,2019-08-23,16:00 (22:00),Aragua,1–1,Monagas,,Estadio Olímpico Hermanos Ghersi Páez,,Match Report,
Regular Season,6,Sat,2019-08-24,11:00 (17:00),Metropolitanos,3–0,Zulia,,Estadio Olímpico,,Match Report,
Regular Season,6,Sat,2019-08-24,16:00 (22:00),LALA,0–2,Portuguesa,,Centro Total de Entretenimiento Cachamay,,Match Report,
Regular Season,6,Sun,2019-08-25,,Zamora,,Dep Anzoátegui,,Estadio Rafael Agustín Tovar,,Match Report,Match Cancelled
Regular Season,6,Sun,2019-08-25,16:00 (22:00),Llaneros,3–1,Estud Caracas,,Estadio Olímpico Rafael Calles Pinto,,Match Report,
Regular Season,6,Sun,2019-08-25,16:00 (22:00),Deportivo Lara,0–1,Atlé Venezuela,,Estadio Metropolitano de Fútbol de Lara,,Match Report,
Regular Season,6,Sun,2019-08-25,16:00 (22:00),Dep La Guaira,2–0,Carabobo,,Estadio Olímpico,,Match Report,
Regular Season,6,Sun,2019-08-25,17:00 (23:00),Acad Pr Cabello,1–1,Estud Mérida,,Complejo Deportivo Socialista,,Match Report,
Regular Season,6,Sun,2019-08-25,17:00 (23:00),Trujillanos,0–0,Caracas,,Estadio José Alberto Pérez,,Match Report,
Regular Season,6,Sun,2019-08-25,17:00 (23:00),Dep Táchira,3–2,Mineros,,Estadio Polideportivo de Pueblo Nuevo,,Match Report,
,,,,,,,,,,,,
Regular Season,4,Wed,2019-08-28,18:00 (00:00),Acad Pr Cabello,3–3,Zulia,,Complejo Deportivo Socialista,,Match Report,
,,,,,,,,,,,,
Regular Season,7,Sat,2019-08-31,,Dep Anzoátegui,,Dep Táchira,,Estadio Olímpico General José Antonio An...,,Match Report,Match Cancelled
Regular Season,7,Sat,2019-08-31,16:00 (22:00),Portuguesa,1–0,Dep La Guaira,1008,Estadio General José Antonio Páez,,Match Report,
Regular Season,7,Sat,2019-08-31,16:00 (22:00),Estud Caracas,0–0,Deportivo Lara,125,Estadio Olímpico Hermanos Ghersi Páez,,Match Report,
Regular Season,7,Sat,2019-08-31,16:00 (22:00),Carabobo,3–1,Llaneros,728,Estadio Olímpico Rafael Calles Pinto,,Match Report,
Regular Season,7,Sat,2019-08-31,17:00 (23:00),Mineros,2–0,Aragua,697,Centro Total de Entretenimiento Cachamay,,Match Report,
Regular Season,7,Sun,2019-09-01,16:00 (22:00),LALA,1–0,Metropolitanos,957,Centro Total de Entretenimiento Cachamay,,Match Report,
Regular Season,7,Sun,2019-09-01,16:00 (22:00),Atlé Venezuela,0–2,Zamora,275,Estadio Olímpico Hermanos Ghersi Páez,,Match Report,
Regular Season,7,Sun,2019-09-01,16:00 (22:00),Estud Mérida,1–2,Trujillanos,4148,Estadio Olímpico Metropolitano de Mérida,,Match Report,
Regular Season,7,Sun,2019-09-01,17:00 (23:00),Caracas,1–2,Zulia,,Estadio Olímpico,,Match Report,
Regular Season,7,Sun,2019-09-01,18:00 (00:00),Monagas,1–1,Acad Pr Cabello,,Estadio Monumental de Maturín,,Match Report,
,,,,,,,,,,,,
Regular Season,8,Sat,2019-09-07,,Aragua,,Dep Anzoátegui,,Estadio Olímpico Hermanos Ghersi Páez,,Match Report,Match Cancelled
Regular Season,8,Sat,2019-09-07,11:00 (17:00),Metropolitanos,1–1,Caracas,,Estadio Olímpico,,Match Report,
Regular Season,8,Sat,2019-09-07,17:00 (23:00),Trujillanos,3–2,Monagas,,Estadio José Alberto Pérez,,Match Report,
Regular Season,8,Sun,2019-09-08,11:00 (17:00),Dep La Guaira,4–0,LALA,,Estadio Olímpico,Yimmy García,Match Report,
Regular Season,8,Sun,2019-09-08,16:00 (22:00),Llaneros,1–0,Portuguesa,,Estadio Olímpico Rafael Calles Pinto,,Match Report,
Regular Season,8,Sun,2019-09-08,16:00 (22:00),Zulia,2–4,Estud Mérida,,Estadio José Encarnación Pachencho Romer...,Adrian Cabello,Match Report,
Regular Season,8,Sun,2019-09-08,17:00 (23:00),Dep Táchira,2–0,Atlé Venezuela,,Estadio Polideportivo de Pueblo Nuevo,,Match Report,
Regular Season,8,Sun,2019-09-08,17:00 (23:00),Deportivo Lara,1–3,Carabobo,,Estadio Metropolitano de Fútbol de Lara,,Match Report,
Regular Season,8,Mon,2019-09-09,17:00 (23:00),Acad Pr Cabello,1–1,Mineros,,Complejo Deportivo Socialista,,Match Report,
Regular Season,8,Mon,2019-09-09,19:00 (01:00),Zamora,6–1,Estud Caracas,,Estadio Rafael Agustín Tovar,Ángel Arteaga,Match Report,
,,,,,,,,,,,,
Regular Season,9,Wed,2019-09-11,,Dep Anzoátegui,,Acad Pr Cabello,,Estadio Olímpico General José Antonio An...,,Match Report,Match Cancelled
Regular Season,9,Wed,2019-09-11,15:30 (21:30),Estud Mérida,1–2,Caracas,,Estadio Olímpico Metropolitano de Mérida,,Match Report,
Regular Season,9,Wed,2019-09-11,16:00 (22:00),LALA,0–4,Llaneros,,Centro Total de Entretenimiento Cachamay,,Match Report,
Regular Season,9,Wed,2019-09-11,16:00 (22:00),Portuguesa,1–0,Deportivo Lara,,Estadio General José Antonio Páez,,Match Report,
Regular Season,9,Wed,2019-09-11,17:00 (23:00),Atlé Venezuela,1–1,Aragua,,Estadio Olímpico General José Antonio An...,,Match Report,
Regular Season,9,Wed,2019-09-11,17:00 (23:00),Monagas,2–2,Zulia,,Estadio Monumental de Maturín,,Match Report,
Regular Season,9,Wed,2019-09-11,18:00 (00:00),Dep La Guaira,0–1,Metropolitanos,,Estadio Olímpico,,Match Report,
Regular Season,9,Thu,2019-09-12,16:00 (22:00),Estud Caracas,0–1,Dep Táchira,,Estadio Giuseppe Antonelli,,Match Report,
Regular Season,9,Thu,2019-09-12,16:00 (22:00),Carabobo,2–2,Zamora,,Estadio Olímpico Rafael Calles Pinto,,Match Report,
Regular Season,9,Thu,2019-09-12,17:00 (23:00),Mineros,1–0,Trujillanos,,Centro Total de Entretenimiento Cachamay,,Match Report,
,,,,,,,,,,,,
Regular Season,10,Sat,2019-09-14,11:00 (17:00),Metropolitanos,2–1,Estud Mérida,,Estadio Olímpico,,Match Report,
Regular Season,10,Sun,2019-09-15,,Trujillanos,,Dep Anzoátegui,,Estadio José Alberto Pérez,,Match Report,Match Cancelled
Regular Season,10,Sun,2019-09-15,11:00 (17:00),Caracas,1–0,Monagas,,Estadio Olímpico,,Match Report,
Regular Season,10,Sun,2019-09-15,16:00 (22:00),Llaneros,1–0,Dep La Guaira,,Estadio Olímpico Rafael Calles Pinto,,Match Report,
Regular Season,10,Sun,2019-09-15,16:00 (22:00),Deportivo Lara,2–0,LALA,,Estadio Metropolitano de Fútbol de Lara,,Match Report,
Regular Season,10,Sun,2019-09-15,16:00 (22:00),Zulia,4–1,Mineros,,Estadio José Encarnación Pachencho Romer...,,Match Report,
Regular Season,10,Sun,2019-09-15,17:00 (23:00),Aragua,3–0,Estud Caracas,,Estadio Olímpico Hermanos Ghersi Páez,,Match Report,
Regular Season,10,Sun,2019-09-15,17:00 (23:00),Dep Táchira,2–2,Carabobo,,Estadio Polideportivo de Pueblo Nuevo,,Match Report,
Regular Season,10,Sun,2019-09-15,18:00 (00:00),Acad Pr Cabello,2–1,Atlé Venezuela,,Complejo Deportivo Socialista,,Match Report,
Regular Season,10,Sun,2019-09-15,18:00 (00:00),Zamora,3–1,Portuguesa,,Estadio Rafael Agustín Tovar,,Match Report,
,,,,,,,,,,,,
Regular Season,11,Sun,2019-09-22,,Monagas,,Estud Mérida,,Estadio Monumental de Maturín,,,
Regular Season,11,Sun,2019-09-22,,LALA,,Zamora,,Centro Total de Entretenimiento Cachamay,,,
Regular Season,11,Sun,2019-09-22,,Atlé Venezuela,,Trujillanos,,Estadio Olímpico General José Antonio An...,,,
Regular Season,11,Sun,2019-09-22,,Dep La Guaira,,Deportivo Lara,,Estadio Olímpico,,,
Regular Season,11,Sun,2019-09-22,,Portuguesa,,Dep Táchira,,Estadio General José Antonio Páez,,,
Regular Season,11,Sun,2019-09-22,,Estud Caracas,,Acad Pr Cabello,,Estadio Giuseppe Antonelli,,,
Regular Season,11,Sun,2019-09-22,,Mineros,,Caracas,,Centro Total de Entretenimiento Cachamay,,,
Regular Season,11,Sun,2019-09-22,,Dep Anzoátegui,,Zulia,,Estadio Olímpico General José Antonio An...,,,
Regular Season,11,Sun,2019-09-22,,Llaneros,,Metropolitanos,,Estadio Olímpico Rafael Calles Pinto,,,
Regular Season,11,Sun,2019-09-22,,Carabobo,,Aragua,,Estadio Olímpico Rafael Calles Pinto,,,
,,,,,,,,,,,,
Regular Season,12,Thu,2019-09-26,,Deportivo Lara,,Llaneros,,Estadio Metropolitano de Fútbol de Lara,,,
Regular Season,12,Thu,2019-09-26,,Metropolitanos,,Monagas,,Estadio Olímpico,,,
Regular Season,12,Thu,2019-09-26,,Aragua,,Portuguesa,,Estadio Olímpico Hermanos Ghersi Páez,,,
Regular Season,12,Thu,2019-09-26,,Dep Táchira,,LALA,,Estadio Polideportivo de Pueblo Nuevo,,,
Regular Season,12,Thu,2019-09-26,,Zamora,,Dep La Guaira,,Estadio Rafael Agustín Tovar,,,
Regular Season,12,Thu,2019-09-26,,Zulia,,Atlé Venezuela,,Estadio José Encarnación Pachencho Romer...,,,
Regular Season,12,Thu,2019-09-26,,Caracas,,Dep Anzoátegui,,Estadio Olímpico,,,
Regular Season,12,Thu,2019-09-26,,Acad Pr Cabello,,Carabobo,,Complejo Deportivo Socialista,,,
Regular Season,12,Thu,2019-09-26,,Estud Mérida,,Mineros,,Estadio Olímpico Metropolitano de Mérida,,,
Regular Season,12,Thu,2019-09-26,,Trujillanos,,Estud Caracas,,Estadio José Alberto Pérez,,,
,,,,,,,,,,,,
Regular Season,13,Sat,2019-09-28,,Carabobo,,Trujillanos,,Estadio Olímpico Rafael Calles Pinto,,,
Regular Season,13,Sat,2019-09-28,,Dep Anzoátegui,,Estud Mérida,,Estadio Olímpico General José Antonio An...,,,
Regular Season,13,Sat,2019-09-28,,Dep La Guaira,,Dep Táchira,,Estadio Olímpico,,,
Regular Season,13,Sat,2019-09-28,,Atlé Venezuela,,Caracas,,Estadio Olímpico General José Antonio An...,,,
Regular Season,13,Sat,2019-09-28,,Mineros,,Monagas,,Centro Total de Entretenimiento Cachamay,,,
Regular Season,13,Sat,2019-09-28,,Portuguesa,,Acad Pr Cabello,,Estadio General José Antonio Páez,,,
Regular Season,13,Sat,2019-09-28,,LALA,,Aragua,,Centro Total de Entretenimiento Cachamay,,,
Regular Season,13,Sat,2019-09-28,,Deportivo Lara,,Metropolitanos,,Estadio Metropolitano de Fútbol de Lara,,,
Regular Season,13,Sat,2019-09-28,,Estud Caracas,,Zulia,,Estadio Giuseppe Antonelli,,,
Regular Season,13,Sat,2019-09-28,,Llaneros,,Zamora,,Estadio Olímpico Rafael Calles Pinto,,,
,,,,,,,,,,,,
Regular Season,14,Sun,2019-10-06,,Caracas,,Estud Caracas,,Estadio Olímpico,,,
Regular Season,14,Sun,2019-10-06,,Trujillanos,,Portuguesa,,Estadio José Alberto Pérez,,,
Regular Season,14,Sun,2019-10-06,,Acad Pr Cabello,,LALA,,Complejo Deportivo Socialista,,,
Regular Season,14,Sun,2019-10-06,,Dep Táchira,,Llaneros,,Estadio Polideportivo de Pueblo Nuevo,,,
Regular Season,14,Sun,2019-10-06,,Metropolitanos,,Mineros,,Estadio Olímpico,,,
Regular Season,14,Sun,2019-10-06,,Zulia,,Carabobo,,Estadio José Encarnación Pachencho Romer...,,,
Regular Season,14,Sun,2019-10-06,,Zamora,,Deportivo Lara,,Estadio Rafael Agustín Tovar,,,
Regular Season,14,Sun,2019-10-06,,Monagas,,Dep Anzoátegui,,Estadio Monumental de Maturín,,,
Regular Season,14,Sun,2019-10-06,,Estud Mérida,,Atlé Venezuela,,Estadio Olímpico Metropolitano de Mérida,,,
Regular Season,14,Sun,2019-10-06,,Aragua,,Dep La Guaira,,Estadio Olímpico Hermanos Ghersi Páez,,,
,,,,,,,,,,,,
Regular Season,15,Sun,2019-10-13,,Atlé Venezuela,,Monagas,,Estadio Olímpico General José Antonio An...,,,
Regular Season,15,Sun,2019-10-13,,Zamora,,Metropolitanos,,Estadio Rafael Agustín Tovar,,,
Regular Season,15,Sun,2019-10-13,,Estud Caracas,,Estud Mérida,,Estadio Giuseppe Antonelli,,,
Regular Season,15,Sun,2019-10-13,,Carabobo,,Caracas,,Estadio Olímpico Rafael Calles Pinto,,,
Regular Season,15,Sun,2019-10-13,,Deportivo Lara,,Dep Táchira,,Estadio Metropolitano de Fútbol de Lara,,,
Regular Season,15,Sun,2019-10-13,,Dep La Guaira,,Acad Pr Cabello,,Estadio Olímpico,,,
Regular Season,15,Sun,2019-10-13,,Dep Anzoátegui,,Mineros,,Estadio Olímpico General José Antonio An...,,,
Regular Season,15,Sun,2019-10-13,,LALA,,Trujillanos,,Centro Total de Entretenimiento Cachamay,,,
Regular Season,15,Sun,2019-10-13,,Llaneros,,Aragua,,Estadio Olímpico Rafael Calles Pinto,,,
Regular Season,15,Sun,2019-10-13,,Portuguesa,,Zulia,,Estadio General José Antonio Páez,,,
,,,,,,,,,,,,
Regular Season,16,Sat,2019-10-19,,Zulia,,LALA,,Estadio José Encarnación Pachencho Romer...,,,
Regular Season,16,Sat,2019-10-19,,Aragua,,Deportivo Lara,,Estadio Olímpico Hermanos Ghersi Páez,,,
Regular Season,16,Sat,2019-10-19,,Caracas,,Portuguesa,,Estadio Olímpico,,,
Regular Season,16,Sat,2019-10-19,,Mineros,,Atlé Venezuela,,Centro Total de Entretenimiento Cachamay,,,
Regular Season,16,Sat,2019-10-19,,Metropolitanos,,Dep Anzoátegui,,Estadio Olímpico,,,
Regular Season,16,Sat,2019-10-19,,Dep Táchira,,Zamora,,Estadio Polideportivo de Pueblo Nuevo,,,
Regular Season,16,Sat,2019-10-19,,Estud Mérida,,Carabobo,,Estadio Olímpico Metropolitano de Mérida,,,
Regular Season,16,Sat,2019-10-19,,Acad Pr Cabello,,Llaneros,,Complejo Deportivo Socialista,,,
Regular Season,16,Sat,2019-10-19,,Trujillanos,,Dep La Guaira,,Estadio José Alberto Pérez,,,
Regular Season,16,Sat,2019-10-19,,Monagas,,Estud Caracas,,Estadio Monumental de Maturín,,,
,,,,,,,,,,,,
Regular Season,17,Sun,2019-10-27,,LALA,,Caracas,,Centro Total de Entretenimiento Cachamay,,,
Regular Season,17,Sun,2019-10-27,,Carabobo,,Monagas,,Estadio Olímpico Rafael Calles Pinto,,,
Regular Season,17,Sun,2019-10-27,,Dep Táchira,,Metropolitanos,,Estadio Polideportivo de Pueblo Nuevo,,,
Regular Season,17,Sun,2019-10-27,,Portuguesa,,Estud Mérida,,Estadio General José Antonio Páez,,,
Regular Season,17,Sun,2019-10-27,,Deportivo Lara,,Acad Pr Cabello,,Estadio Metropolitano de Fútbol de Lara,,,
Regular Season,17,Sun,2019-10-27,,Atlé Venezuela,,Dep Anzoátegui,,Estadio Olímpico General José Antonio An...,,,
Regular Season,17,Sun,2019-10-27,,Zamora,,Aragua,,Estadio Rafael Agustín Tovar,,,
Regular Season,17,Sun,2019-10-27,,Dep La Guaira,,Zulia,,Estadio Olímpico,,,
Regular Season,17,Sun,2019-10-27,,Llaneros,,Trujillanos,,Estadio Olímpico Rafael Calles Pinto,,,
Regular Season,17,Sun,2019-10-27,,Estud Caracas,,Mineros,,Estadio Giuseppe Antonelli,,,
,,,,,,,,,,,,
Regular Season,18,Sun,2019-11-03,,Estud Mérida,,LALA,,Estadio Olímpico Metropolitano de Mérida,,,
Regular Season,18,Sun,2019-11-03,,Dep Anzoátegui,,Estud Caracas,,Estadio Olímpico General José Antonio An...,,,
Regular Season,18,Sun,2019-11-03,,Trujillanos,,Deportivo Lara,,Estadio José Alberto Pérez,,,
Regular Season,18,Sun,2019-11-03,,Caracas,,Dep La Guaira,,Estadio Olímpico,,,
Regular Season,18,Sun,2019-11-03,,Acad Pr Cabello,,Zamora,,Complejo Deportivo Socialista,,,
Regular Season,18,Sun,2019-11-03,,Atlé Venezuela,,Metropolitanos,,Estadio Olímpico General José Antonio An...,,,
Regular Season,18,Sun,2019-11-03,,Aragua,,Dep Táchira,,Estadio Olímpico Hermanos Ghersi Páez,,,
Regular Season,18,Sun,2019-11-03,,Monagas,,Portuguesa,,Estadio Monumental de Maturín,,,
Regular Season,18,Sun,2019-11-03,,Mineros,,Carabobo,,Centro Total de Entretenimiento Cachamay,,,
Regular Season,18,Sun,2019-11-03,,Zulia,,Llaneros,,Estadio José Encarnación Pachencho Romer...,,,
,,,,,,,,,,,,
Regular Season,19,Sun,2019-11-10,,LALA,,Monagas,,Centro Total de Entretenimiento Cachamay,,,
Regular Season,19,Sun,2019-11-10,,Llaneros,,Caracas,,Estadio Olímpico Rafael Calles Pinto,,,
Regular Season,19,Sun,2019-11-10,,Zamora,,Trujillanos,,Estadio Rafael Agustín Tovar,,,
Regular Season,19,Sun,2019-11-10,,Dep La Guaira,,Estud Mérida,,Estadio Olímpico,,,
Regular Season,19,Sun,2019-11-10,,Metropolitanos,,Aragua,,Estadio Olímpico,,,
Regular Season,19,Sun,2019-11-10,,Estud Caracas,,Atlé Venezuela,,Estadio Giuseppe Antonelli,,,
Regular Season,19,Sun,2019-11-10,,Dep Táchira,,Acad Pr Cabello,,Estadio Polideportivo de Pueblo Nuevo,,,
Regular Season,19,Sun,2019-11-10,,Deportivo Lara,,Zulia,,Estadio Metropolitano de Fútbol de Lara,,,
Regular Season,19,Sun,2019-11-10,,Carabobo,,Dep Anzoátegui,,Estadio Olímpico Rafael Calles Pinto,,,
Regular Season,19,Sun,2019-11-10,,Portuguesa,,Mineros,,Estadio General José Antonio Páez,,,
